Award_Name,Given_By,Result,Title_ID
Teen Choice Award,MTV,Honorable Mention,782
Directors Guild,Hollywood Foreign Press,Nominated,1570
MTV Movie Award,Directors Guild of America,Nominated,1407
Peoples Choice,Peoples Choice,Nominated,265
BAFTA,Screen Actors Guild,Nominated,1082
Oscar,Television Academy,Honorable Mention,1903
Emmy,Screen Actors Guild,Honorable Mention,1997
Teen Choice Award,Screen Actors Guild,Honorable Mention,1959
Teen Choice Award,MTV,Won,1333
Teen Choice Award,Screen Actors Guild,Honorable Mention,1503
Peoples Choice,Peoples Choice,Honorable Mention,806
Peoples Choice,Directors Guild of America,Won,1932
Peoples Choice,Teen Choice,Honorable Mention,1998
SAG Award,Directors Guild of America,Won,1320
SAG Award,BAFTA,Won,470
Peoples Choice,Hollywood Foreign Press,Won,1000
SAG Award,Screen Actors Guild,Honorable Mention,1480
Directors Guild,Critics Choice Association,Honorable Mention,1119
SAG Award,BAFTA,Won,1175
Directors Guild,BAFTA,Honorable Mention,508
BAFTA,MTV,Honorable Mention,1173
MTV Movie Award,Teen Choice,Honorable Mention,691
BAFTA,Critics Choice Association,Won,1214
Emmy,Critics Choice Association,Honorable Mention,1656
Teen Choice Award,Hollywood Foreign Press,Nominated,411
Golden Globe,Screen Actors Guild,Won,1187
Golden Globe,Teen Choice,Nominated,1894
SAG Award,Teen Choice,Nominated,233
SAG Award,BAFTA,Nominated,282
Golden Globe,Critics Choice Association,Won,1510
Directors Guild,Hollywood Foreign Press,Nominated,604
MTV Movie Award,Television Academy,Honorable Mention,558
Teen Choice Award,Academy Awards,Won,1794
BAFTA,Directors Guild of America,Nominated,1928
MTV Movie Award,Teen Choice,Honorable Mention,84
MTV Movie Award,Academy Awards,Won,1584
BAFTA,BAFTA,Honorable Mention,1329
BAFTA,Teen Choice,Honorable Mention,1951
Critics Choice,Academy Awards,Honorable Mention,796
Critics Choice,Critics Choice Association,Won,1932
Peoples Choice,Critics Choice Association,Won,1087
Golden Globe,Teen Choice,Nominated,869
Emmy,Critics Choice Association,Nominated,828
Directors Guild,Peoples Choice,Won,1630
SAG Award,Critics Choice Association,Honorable Mention,1477
Golden Globe,Critics Choice Association,Nominated,1952
Oscar,Academy Awards,Nominated,899
Critics Choice,Television Academy,Honorable Mention,1590
Golden Globe,Television Academy,Honorable Mention,729
Critics Choice,Screen Actors Guild,Nominated,1306
Critics Choice,Hollywood Foreign Press,Won,1951
BAFTA,Screen Actors Guild,Honorable Mention,309
Peoples Choice,Teen Choice,Nominated,1087
Emmy,Screen Actors Guild,Honorable Mention,1941
Critics Choice,Hollywood Foreign Press,Honorable Mention,477
Teen Choice Award,Teen Choice,Honorable Mention,990
Teen Choice Award,Critics Choice Association,Honorable Mention,426
Golden Globe,Television Academy,Honorable Mention,559
Peoples Choice,Directors Guild of America,Won,1534
Critics Choice,MTV,Honorable Mention,4
Peoples Choice,Teen Choice,Won,605
Oscar,BAFTA,Honorable Mention,1900
MTV Movie Award,Teen Choice,Honorable Mention,357
Peoples Choice,MTV,Nominated,1757
Golden Globe,Television Academy,Won,505
Golden Globe,Screen Actors Guild,Nominated,1257
SAG Award,Academy Awards,Nominated,1412
Teen Choice Award,Directors Guild of America,Won,553
Emmy,Teen Choice,Honorable Mention,709
Golden Globe,Directors Guild of America,Honorable Mention,962
MTV Movie Award,MTV,Honorable Mention,1926
Teen Choice Award,Peoples Choice,Honorable Mention,1341
SAG Award,Teen Choice,Won,1844
Teen Choice Award,Academy Awards,Nominated,1441
Emmy,Teen Choice,Nominated,518
Teen Choice Award,Academy Awards,Won,850
Oscar,Critics Choice Association,Nominated,1574
Teen Choice Award,Screen Actors Guild,Won,486
Teen Choice Award,Television Academy,Nominated,828
Teen Choice Award,Peoples Choice,Nominated,212
Directors Guild,Peoples Choice,Won,1706
Teen Choice Award,Television Academy,Nominated,606
SAG Award,Teen Choice,Honorable Mention,1148
MTV Movie Award,Screen Actors Guild,Honorable Mention,1447
Golden Globe,Teen Choice,Won,874
Teen Choice Award,Peoples Choice,Honorable Mention,1782
MTV Movie Award,BAFTA,Honorable Mention,138
BAFTA,Academy Awards,Won,817
Emmy,Critics Choice Association,Honorable Mention,666
MTV Movie Award,Directors Guild of America,Honorable Mention,57
SAG Award,Screen Actors Guild,Honorable Mention,654
Emmy,Screen Actors Guild,Honorable Mention,1840
Oscar,Peoples Choice,Honorable Mention,1011
Emmy,Hollywood Foreign Press,Won,1467
Emmy,Screen Actors Guild,Nominated,423
Emmy,Peoples Choice,Nominated,1580
Oscar,Hollywood Foreign Press,Nominated,47
Emmy,Academy Awards,Won,1828
Peoples Choice,Critics Choice Association,Honorable Mention,1206
Peoples Choice,Directors Guild of America,Honorable Mention,1704
Directors Guild,Teen Choice,Nominated,661
Peoples Choice,Critics Choice Association,Nominated,1192
Emmy,Academy Awards,Nominated,179
SAG Award,MTV,Nominated,953
Emmy,Peoples Choice,Nominated,461
Peoples Choice,Television Academy,Won,1427
Golden Globe,Hollywood Foreign Press,Honorable Mention,1627
SAG Award,MTV,Honorable Mention,696
Critics Choice,MTV,Nominated,843
Golden Globe,BAFTA,Honorable Mention,1913
MTV Movie Award,MTV,Honorable Mention,1572
Teen Choice Award,Hollywood Foreign Press,Won,588
Directors Guild,Teen Choice,Nominated,1429
Peoples Choice,Television Academy,Nominated,543
MTV Movie Award,Academy Awards,Won,367
Critics Choice,Academy Awards,Nominated,459
Teen Choice Award,Directors Guild of America,Honorable Mention,1147
Oscar,Directors Guild of America,Won,1993
BAFTA,Peoples Choice,Won,198
Directors Guild,MTV,Won,52
Peoples Choice,BAFTA,Nominated,582
Directors Guild,Directors Guild of America,Honorable Mention,1773
MTV Movie Award,Screen Actors Guild,Nominated,973
Teen Choice Award,Screen Actors Guild,Nominated,1402
Emmy,Screen Actors Guild,Honorable Mention,842
Golden Globe,Critics Choice Association,Won,546
Teen Choice Award,Teen Choice,Honorable Mention,1154
SAG Award,Directors Guild of America,Won,1289
Directors Guild,Directors Guild of America,Honorable Mention,302
MTV Movie Award,Screen Actors Guild,Nominated,1850
Critics Choice,Screen Actors Guild,Nominated,266
Peoples Choice,Screen Actors Guild,Nominated,1889
Teen Choice Award,MTV,Won,1411
MTV Movie Award,Critics Choice Association,Honorable Mention,214
Emmy,Screen Actors Guild,Won,662
MTV Movie Award,BAFTA,Won,802
Critics Choice,Peoples Choice,Honorable Mention,44
Oscar,Peoples Choice,Honorable Mention,850
Peoples Choice,Critics Choice Association,Won,1670
Peoples Choice,MTV,Nominated,392
BAFTA,Television Academy,Honorable Mention,1167
Emmy,Television Academy,Honorable Mention,670
Oscar,MTV,Won,40
Directors Guild,Television Academy,Won,395
Critics Choice,Academy Awards,Honorable Mention,1677
SAG Award,Teen Choice,Won,268
MTV Movie Award,Hollywood Foreign Press,Nominated,716
Emmy,Hollywood Foreign Press,Won,1427
MTV Movie Award,Teen Choice,Nominated,1783
Emmy,Screen Actors Guild,Honorable Mention,925
SAG Award,Television Academy,Nominated,1907
Directors Guild,Hollywood Foreign Press,Won,857
BAFTA,MTV,Honorable Mention,1345
Peoples Choice,BAFTA,Honorable Mention,1254
Oscar,Directors Guild of America,Won,771
SAG Award,Television Academy,Nominated,996
Teen Choice Award,Teen Choice,Nominated,657
Peoples Choice,Screen Actors Guild,Honorable Mention,425
Teen Choice Award,Teen Choice,Honorable Mention,387
BAFTA,Television Academy,Nominated,419
Critics Choice,Screen Actors Guild,Nominated,1076
MTV Movie Award,Peoples Choice,Honorable Mention,112
Oscar,MTV,Honorable Mention,112
SAG Award,MTV,Won,704
Oscar,Academy Awards,Nominated,451
Directors Guild,BAFTA,Won,1537
Golden Globe,Screen Actors Guild,Honorable Mention,129
Critics Choice,Directors Guild of America,Won,1371
Golden Globe,Peoples Choice,Won,1014
Teen Choice Award,BAFTA,Honorable Mention,1791
SAG Award,Television Academy,Nominated,470
Golden Globe,Critics Choice Association,Won,785
Critics Choice,BAFTA,Won,1657
Teen Choice Award,Screen Actors Guild,Nominated,1740
Critics Choice,Teen Choice,Nominated,1448
Teen Choice Award,Critics Choice Association,Nominated,1676
Directors Guild,Screen Actors Guild,Honorable Mention,1275
BAFTA,Academy Awards,Won,175
MTV Movie Award,Teen Choice,Nominated,1514
MTV Movie Award,MTV,Nominated,68
MTV Movie Award,Academy Awards,Nominated,1051
SAG Award,MTV,Nominated,444
MTV Movie Award,Peoples Choice,Won,691
Golden Globe,Critics Choice Association,Honorable Mention,1115
Critics Choice,Screen Actors Guild,Nominated,372
Emmy,Directors Guild of America,Nominated,1961
BAFTA,Teen Choice,Honorable Mention,1481
Critics Choice,Peoples Choice,Honorable Mention,592
Critics Choice,Critics Choice Association,Won,276
Critics Choice,MTV,Honorable Mention,687
Emmy,Screen Actors Guild,Won,69
Emmy,Teen Choice,Won,1458
Emmy,Peoples Choice,Nominated,1810
Directors Guild,MTV,Nominated,1917
Emmy,Screen Actors Guild,Nominated,1346
Golden Globe,Academy Awards,Honorable Mention,1612
Oscar,MTV,Nominated,210
SAG Award,Television Academy,Nominated,1884
Emmy,Academy Awards,Nominated,1520
Emmy,Directors Guild of America,Nominated,1141
Directors Guild,Academy Awards,Nominated,1343
BAFTA,Television Academy,Won,1692
Directors Guild,Directors Guild of America,Honorable Mention,917
Peoples Choice,Critics Choice Association,Honorable Mention,1656
Critics Choice,Hollywood Foreign Press,Won,807
SAG Award,Hollywood Foreign Press,Honorable Mention,183
BAFTA,Critics Choice Association,Honorable Mention,839
Teen Choice Award,Hollywood Foreign Press,Honorable Mention,1338
Teen Choice Award,Television Academy,Won,330
BAFTA,Screen Actors Guild,Nominated,1193
Golden Globe,Peoples Choice,Won,840
Critics Choice,Hollywood Foreign Press,Honorable Mention,1410
Emmy,Directors Guild of America,Nominated,921
Teen Choice Award,Teen Choice,Honorable Mention,1552
MTV Movie Award,Teen Choice,Nominated,897
BAFTA,Television Academy,Won,488
Peoples Choice,BAFTA,Won,1164
Directors Guild,MTV,Honorable Mention,849
Teen Choice Award,Hollywood Foreign Press,Honorable Mention,1447
Critics Choice,Screen Actors Guild,Honorable Mention,1235
Teen Choice Award,BAFTA,Honorable Mention,1588
Teen Choice Award,MTV,Won,1354
MTV Movie Award,Screen Actors Guild,Won,1128
MTV Movie Award,Directors Guild of America,Honorable Mention,1871
Peoples Choice,Academy Awards,Honorable Mention,502
Directors Guild,Screen Actors Guild,Won,1063
Peoples Choice,Teen Choice,Honorable Mention,1572
Emmy,Directors Guild of America,Honorable Mention,1112
Peoples Choice,Screen Actors Guild,Nominated,789
MTV Movie Award,Teen Choice,Nominated,1551
Critics Choice,Screen Actors Guild,Nominated,275
BAFTA,BAFTA,Honorable Mention,1053
Directors Guild,Television Academy,Honorable Mention,827
Oscar,BAFTA,Honorable Mention,124
BAFTA,Critics Choice Association,Honorable Mention,711
Teen Choice Award,Peoples Choice,Honorable Mention,1663
Critics Choice,Hollywood Foreign Press,Won,1518
Golden Globe,Critics Choice Association,Won,155
Golden Globe,Teen Choice,Won,146
Directors Guild,MTV,Honorable Mention,116
Golden Globe,MTV,Nominated,866
BAFTA,MTV,Won,775
Teen Choice Award,Critics Choice Association,Won,1278
Peoples Choice,Screen Actors Guild,Won,1213
BAFTA,Critics Choice Association,Honorable Mention,1234
BAFTA,Screen Actors Guild,Honorable Mention,718
Oscar,Teen Choice,Honorable Mention,1395
SAG Award,Peoples Choice,Nominated,1408
BAFTA,Critics Choice Association,Nominated,965
Emmy,Screen Actors Guild,Honorable Mention,597
MTV Movie Award,Television Academy,Won,1412
Peoples Choice,Television Academy,Honorable Mention,383
Peoples Choice,Academy Awards,Nominated,518
Peoples Choice,Television Academy,Nominated,702
Peoples Choice,BAFTA,Nominated,1263
MTV Movie Award,Directors Guild of America,Nominated,236
Emmy,Peoples Choice,Honorable Mention,570
Emmy,Teen Choice,Won,1870
Golden Globe,Critics Choice Association,Nominated,633
BAFTA,Academy Awards,Won,704
Emmy,Peoples Choice,Won,1009
Emmy,Directors Guild of America,Won,980
Peoples Choice,Television Academy,Won,956
Critics Choice,Teen Choice,Won,898
Oscar,Teen Choice,Honorable Mention,376
MTV Movie Award,Television Academy,Honorable Mention,701
Golden Globe,Directors Guild of America,Won,307
SAG Award,Screen Actors Guild,Won,395
Oscar,Academy Awards,Won,940
Oscar,MTV,Nominated,1000
MTV Movie Award,Television Academy,Won,1854
Emmy,Television Academy,Won,1141
Critics Choice,Directors Guild of America,Won,1486
Golden Globe,Hollywood Foreign Press,Honorable Mention,1143
BAFTA,Screen Actors Guild,Honorable Mention,403
Directors Guild,Hollywood Foreign Press,Honorable Mention,1493
Emmy,Teen Choice,Honorable Mention,985
BAFTA,BAFTA,Won,1120
MTV Movie Award,MTV,Won,1036
SAG Award,Hollywood Foreign Press,Nominated,1237
Oscar,Critics Choice Association,Nominated,295
Golden Globe,Teen Choice,Nominated,1891
Oscar,Peoples Choice,Nominated,1726
Critics Choice,Screen Actors Guild,Honorable Mention,1174
Teen Choice Award,Television Academy,Nominated,1124
Emmy,Peoples Choice,Honorable Mention,1302
Teen Choice Award,Television Academy,Won,1817
Critics Choice,Hollywood Foreign Press,Won,711
Critics Choice,BAFTA,Nominated,1041
Golden Globe,Directors Guild of America,Honorable Mention,1291
Peoples Choice,BAFTA,Honorable Mention,331
Directors Guild,Screen Actors Guild,Won,652
BAFTA,MTV,Won,1889
Oscar,Teen Choice,Won,1521
SAG Award,Teen Choice,Honorable Mention,364
BAFTA,Critics Choice Association,Nominated,685
Golden Globe,Television Academy,Nominated,1059
Directors Guild,Television Academy,Nominated,105
SAG Award,Television Academy,Honorable Mention,1369
Oscar,Peoples Choice,Nominated,1505
Emmy,Television Academy,Honorable Mention,617
Teen Choice Award,Screen Actors Guild,Won,961
Critics Choice,MTV,Nominated,268
MTV Movie Award,BAFTA,Won,838
Teen Choice Award,MTV,Won,1868
Critics Choice,Screen Actors Guild,Honorable Mention,134
Directors Guild,Television Academy,Nominated,1850
BAFTA,Peoples Choice,Won,9
SAG Award,Teen Choice,Won,1771
BAFTA,Directors Guild of America,Nominated,1041
Oscar,Hollywood Foreign Press,Nominated,1976
Directors Guild,BAFTA,Won,1485
Peoples Choice,Directors Guild of America,Nominated,1776
Oscar,Critics Choice Association,Won,1222
Peoples Choice,Peoples Choice,Honorable Mention,1296
Oscar,Academy Awards,Honorable Mention,715
BAFTA,Directors Guild of America,Won,729
SAG Award,Peoples Choice,Won,1754
Directors Guild,Television Academy,Won,626
Teen Choice Award,Peoples Choice,Won,396
BAFTA,Teen Choice,Honorable Mention,492
Critics Choice,Television Academy,Won,1914
Peoples Choice,Directors Guild of America,Won,1421
Peoples Choice,Peoples Choice,Won,858
Peoples Choice,Academy Awards,Nominated,41
BAFTA,BAFTA,Nominated,95
Golden Globe,Directors Guild of America,Won,386
Critics Choice,Teen Choice,Nominated,562
Golden Globe,Teen Choice,Nominated,1463
Emmy,Screen Actors Guild,Honorable Mention,675
BAFTA,Academy Awards,Honorable Mention,1821
Peoples Choice,Screen Actors Guild,Won,1458
Emmy,Teen Choice,Nominated,521
Peoples Choice,Television Academy,Honorable Mention,1480
BAFTA,Screen Actors Guild,Won,1479
SAG Award,Television Academy,Nominated,1777
Directors Guild,Hollywood Foreign Press,Honorable Mention,1195
MTV Movie Award,Hollywood Foreign Press,Nominated,316
Critics Choice,Peoples Choice,Honorable Mention,118
SAG Award,Teen Choice,Won,1286
Emmy,Critics Choice Association,Honorable Mention,880
Teen Choice Award,Television Academy,Won,597
Teen Choice Award,Teen Choice,Honorable Mention,248
MTV Movie Award,MTV,Nominated,964
Oscar,Directors Guild of America,Honorable Mention,1454
Directors Guild,Television Academy,Honorable Mention,480
SAG Award,Teen Choice,Honorable Mention,764
MTV Movie Award,Television Academy,Honorable Mention,1673
Oscar,Directors Guild of America,Honorable Mention,987
Directors Guild,BAFTA,Nominated,1709
Emmy,MTV,Won,1120
MTV Movie Award,Academy Awards,Won,1490
Directors Guild,Teen Choice,Won,1014
Peoples Choice,Critics Choice Association,Nominated,295
Peoples Choice,MTV,Won,1075
MTV Movie Award,Academy Awards,Won,118
Oscar,BAFTA,Nominated,1511
BAFTA,Academy Awards,Won,1245
BAFTA,Critics Choice Association,Won,1335
Emmy,BAFTA,Nominated,1694
Emmy,Teen Choice,Honorable Mention,1529
Teen Choice Award,Academy Awards,Nominated,917
Oscar,Directors Guild of America,Won,1818
BAFTA,Hollywood Foreign Press,Honorable Mention,1751
Golden Globe,Directors Guild of America,Won,1957
BAFTA,Television Academy,Won,1766
Critics Choice,Peoples Choice,Won,1009
Emmy,Screen Actors Guild,Won,828
Critics Choice,Peoples Choice,Nominated,1198
Peoples Choice,BAFTA,Honorable Mention,496
Teen Choice Award,MTV,Won,846
Golden Globe,Critics Choice Association,Nominated,814
Emmy,Peoples Choice,Nominated,1281
Peoples Choice,Teen Choice,Honorable Mention,1077
Critics Choice,Television Academy,Nominated,439
Teen Choice Award,Peoples Choice,Won,471
Emmy,Television Academy,Won,1936
Emmy,Hollywood Foreign Press,Honorable Mention,640
Critics Choice,BAFTA,Nominated,470
Oscar,BAFTA,Won,1342
Emmy,Television Academy,Honorable Mention,1257
Directors Guild,Teen Choice,Won,1453
Golden Globe,BAFTA,Won,447
BAFTA,Directors Guild of America,Won,1522
Emmy,Teen Choice,Honorable Mention,1810
Emmy,Directors Guild of America,Nominated,74
Teen Choice Award,MTV,Won,1952
Critics Choice,Television Academy,Nominated,1218
Golden Globe,MTV,Nominated,570
Critics Choice,Directors Guild of America,Nominated,1421
Directors Guild,MTV,Honorable Mention,999
Teen Choice Award,Teen Choice,Nominated,954
MTV Movie Award,Academy Awards,Honorable Mention,1049
Directors Guild,Critics Choice Association,Nominated,111
Oscar,Critics Choice Association,Honorable Mention,1479
Oscar,Critics Choice Association,Won,1758
Golden Globe,Screen Actors Guild,Nominated,1270
Teen Choice Award,Screen Actors Guild,Nominated,1434
Golden Globe,Television Academy,Nominated,1833
Oscar,Critics Choice Association,Nominated,1515
MTV Movie Award,Television Academy,Won,1092
Directors Guild,Screen Actors Guild,Nominated,1585
SAG Award,Television Academy,Honorable Mention,1629
Peoples Choice,MTV,Honorable Mention,250
Critics Choice,MTV,Honorable Mention,581
Teen Choice Award,Television Academy,Nominated,400
Critics Choice,Critics Choice Association,Nominated,1143
BAFTA,BAFTA,Honorable Mention,179
MTV Movie Award,Teen Choice,Won,1039
Critics Choice,BAFTA,Honorable Mention,603
Directors Guild,Screen Actors Guild,Won,1467
Critics Choice,Screen Actors Guild,Honorable Mention,1859
Teen Choice Award,Academy Awards,Nominated,1547
Teen Choice Award,Peoples Choice,Honorable Mention,1430
Critics Choice,Hollywood Foreign Press,Honorable Mention,1641
BAFTA,Critics Choice Association,Honorable Mention,1338
Emmy,Television Academy,Won,433
BAFTA,Peoples Choice,Honorable Mention,1549
Teen Choice Award,Critics Choice Association,Honorable Mention,48
SAG Award,Teen Choice,Honorable Mention,1346
Oscar,Television Academy,Nominated,470
BAFTA,BAFTA,Won,278
Critics Choice,BAFTA,Nominated,1031
BAFTA,Academy Awards,Honorable Mention,1593
SAG Award,Television Academy,Nominated,1247
Golden Globe,Academy Awards,Nominated,654
Emmy,Directors Guild of America,Won,1978
Emmy,Teen Choice,Nominated,1432
Critics Choice,Teen Choice,Nominated,362
Critics Choice,Critics Choice Association,Nominated,1578
BAFTA,Academy Awards,Won,316
Emmy,Peoples Choice,Won,771
Critics Choice,Screen Actors Guild,Won,1978
MTV Movie Award,Television Academy,Honorable Mention,1292
Peoples Choice,Peoples Choice,Honorable Mention,741
Teen Choice Award,Directors Guild of America,Nominated,1610
BAFTA,Directors Guild of America,Honorable Mention,1356
Teen Choice Award,MTV,Honorable Mention,64
Golden Globe,Screen Actors Guild,Nominated,1199
Golden Globe,MTV,Won,30
BAFTA,BAFTA,Won,1312
Directors Guild,Peoples Choice,Nominated,1550
Critics Choice,Critics Choice Association,Honorable Mention,1454
Emmy,Television Academy,Honorable Mention,832
Golden Globe,Teen Choice,Honorable Mention,532
Oscar,Television Academy,Won,1693
BAFTA,Academy Awards,Honorable Mention,47
SAG Award,Peoples Choice,Won,1207
Teen Choice Award,BAFTA,Honorable Mention,565
Teen Choice Award,MTV,Honorable Mention,121
Peoples Choice,Academy Awards,Nominated,309
BAFTA,Screen Actors Guild,Won,601
MTV Movie Award,Hollywood Foreign Press,Nominated,424
Critics Choice,Academy Awards,Nominated,511
MTV Movie Award,Screen Actors Guild,Honorable Mention,814
MTV Movie Award,Teen Choice,Nominated,1549
Golden Globe,Peoples Choice,Honorable Mention,729
Teen Choice Award,Television Academy,Won,583
Critics Choice,Hollywood Foreign Press,Won,1495
Critics Choice,Critics Choice Association,Won,395
MTV Movie Award,Screen Actors Guild,Honorable Mention,1670
Oscar,Screen Actors Guild,Nominated,1751
Oscar,Academy Awards,Won,781
SAG Award,MTV,Nominated,496
Peoples Choice,Television Academy,Won,795
Peoples Choice,MTV,Honorable Mention,185
Oscar,Directors Guild of America,Honorable Mention,730
Directors Guild,Peoples Choice,Won,102
MTV Movie Award,BAFTA,Nominated,1325
SAG Award,Television Academy,Honorable Mention,1736
Teen Choice Award,Screen Actors Guild,Nominated,1101
Emmy,BAFTA,Nominated,1151
Peoples Choice,Screen Actors Guild,Nominated,992
Teen Choice Award,MTV,Nominated,521
Critics Choice,Hollywood Foreign Press,Won,676
Emmy,Critics Choice Association,Won,1767
SAG Award,Directors Guild of America,Nominated,984
Emmy,Peoples Choice,Honorable Mention,275
Teen Choice Award,Directors Guild of America,Honorable Mention,1440
Emmy,Directors Guild of America,Won,571
BAFTA,Academy Awards,Honorable Mention,344
Teen Choice Award,Television Academy,Honorable Mention,758
MTV Movie Award,Directors Guild of America,Won,183
BAFTA,BAFTA,Won,545
MTV Movie Award,Directors Guild of America,Honorable Mention,322
SAG Award,Academy Awards,Won,1566
Emmy,MTV,Nominated,990
Oscar,Screen Actors Guild,Nominated,1446
Golden Globe,BAFTA,Honorable Mention,154
Directors Guild,Directors Guild of America,Nominated,1133
Peoples Choice,Television Academy,Nominated,1130
Oscar,Directors Guild of America,Honorable Mention,1229
Teen Choice Award,Critics Choice Association,Won,553
MTV Movie Award,MTV,Won,383
Teen Choice Award,Television Academy,Won,934
MTV Movie Award,BAFTA,Honorable Mention,1212
Directors Guild,Academy Awards,Honorable Mention,1877
MTV Movie Award,Academy Awards,Nominated,1959
Emmy,Directors Guild of America,Honorable Mention,1160
Oscar,Teen Choice,Honorable Mention,1108
Teen Choice Award,MTV,Won,1447
Critics Choice,Academy Awards,Honorable Mention,1335
MTV Movie Award,BAFTA,Honorable Mention,1010
SAG Award,Teen Choice,Won,1992
Oscar,BAFTA,Nominated,578
Emmy,Critics Choice Association,Won,1788
Critics Choice,Hollywood Foreign Press,Nominated,1760
Golden Globe,Hollywood Foreign Press,Won,1621
Directors Guild,Screen Actors Guild,Honorable Mention,232
Teen Choice Award,Screen Actors Guild,Honorable Mention,798
Peoples Choice,Peoples Choice,Won,638
BAFTA,Academy Awards,Honorable Mention,758
Golden Globe,Television Academy,Honorable Mention,1969
Emmy,Hollywood Foreign Press,Honorable Mention,34
SAG Award,Peoples Choice,Nominated,254
Critics Choice,Academy Awards,Honorable Mention,661
Directors Guild,BAFTA,Won,1573
MTV Movie Award,Peoples Choice,Won,1123
Peoples Choice,Teen Choice,Nominated,847
Directors Guild,MTV,Nominated,707
Emmy,Television Academy,Honorable Mention,242
Teen Choice Award,Academy Awards,Won,457
MTV Movie Award,Hollywood Foreign Press,Nominated,512
Teen Choice Award,MTV,Nominated,1895
SAG Award,Directors Guild of America,Won,298
MTV Movie Award,Screen Actors Guild,Honorable Mention,178
Golden Globe,Directors Guild of America,Honorable Mention,1182
Emmy,Critics Choice Association,Nominated,1463
Teen Choice Award,Critics Choice Association,Nominated,1144
Teen Choice Award,Peoples Choice,Nominated,121
Emmy,MTV,Honorable Mention,1159
SAG Award,Screen Actors Guild,Nominated,1729
Golden Globe,Teen Choice,Honorable Mention,872
BAFTA,Peoples Choice,Nominated,1684
Emmy,Peoples Choice,Won,1231
Directors Guild,Critics Choice Association,Won,1920
BAFTA,Hollywood Foreign Press,Won,546
Emmy,Hollywood Foreign Press,Nominated,240
Oscar,MTV,Nominated,1875
Peoples Choice,Television Academy,Won,602
Oscar,Television Academy,Honorable Mention,156
Emmy,Academy Awards,Nominated,226
SAG Award,Teen Choice,Honorable Mention,1283
Oscar,BAFTA,Nominated,641
Oscar,Screen Actors Guild,Won,184
Oscar,Television Academy,Won,447
Emmy,Teen Choice,Nominated,1588
Golden Globe,Teen Choice,Nominated,253
SAG Award,Academy Awards,Won,1314
Emmy,Academy Awards,Honorable Mention,81
Emmy,Screen Actors Guild,Won,378
Oscar,Critics Choice Association,Nominated,981
Directors Guild,Teen Choice,Nominated,1282
Peoples Choice,Hollywood Foreign Press,Nominated,1890
Emmy,Screen Actors Guild,Nominated,549
Teen Choice Award,BAFTA,Won,864
Peoples Choice,Teen Choice,Honorable Mention,1436
Golden Globe,Critics Choice Association,Nominated,1891
Teen Choice Award,BAFTA,Honorable Mention,1809
Peoples Choice,Teen Choice,Nominated,1227
Emmy,MTV,Nominated,1596
BAFTA,BAFTA,Nominated,378
Golden Globe,Critics Choice Association,Won,985
Golden Globe,Screen Actors Guild,Honorable Mention,650
Teen Choice Award,Hollywood Foreign Press,Honorable Mention,1129
SAG Award,Critics Choice Association,Honorable Mention,1326
MTV Movie Award,BAFTA,Won,1693
Teen Choice Award,Hollywood Foreign Press,Nominated,1979
Critics Choice,MTV,Nominated,138
Peoples Choice,Directors Guild of America,Won,1458
Oscar,Directors Guild of America,Honorable Mention,1870
Golden Globe,Peoples Choice,Nominated,1003
Peoples Choice,MTV,Nominated,1509
Emmy,MTV,Honorable Mention,1685
Oscar,Academy Awards,Won,1250
MTV Movie Award,Teen Choice,Won,339
Oscar,Critics Choice Association,Nominated,808
Oscar,BAFTA,Nominated,1667
Directors Guild,Television Academy,Nominated,752
SAG Award,Hollywood Foreign Press,Nominated,1334
BAFTA,Television Academy,Nominated,1089
Emmy,MTV,Nominated,1679
MTV Movie Award,BAFTA,Honorable Mention,89
Oscar,MTV,Honorable Mention,1048
Directors Guild,Screen Actors Guild,Won,1444
Golden Globe,Television Academy,Honorable Mention,1795
Golden Globe,Critics Choice Association,Nominated,1103
Emmy,Peoples Choice,Honorable Mention,258
Emmy,Television Academy,Honorable Mention,601
Peoples Choice,Academy Awards,Won,1082
Teen Choice Award,Critics Choice Association,Nominated,1038
Peoples Choice,Peoples Choice,Honorable Mention,1378
Emmy,Directors Guild of America,Nominated,1089
BAFTA,Television Academy,Won,955
Oscar,Directors Guild of America,Won,1202
Golden Globe,Television Academy,Won,1138
Peoples Choice,Teen Choice,Won,236
Emmy,Directors Guild of America,Nominated,198
Oscar,MTV,Won,877
BAFTA,MTV,Won,724
MTV Movie Award,Peoples Choice,Won,255
MTV Movie Award,Academy Awards,Won,343
Teen Choice Award,Television Academy,Nominated,1287
Critics Choice,Peoples Choice,Nominated,1830
Emmy,Hollywood Foreign Press,Nominated,489
Critics Choice,Television Academy,Won,336
BAFTA,BAFTA,Won,371
Golden Globe,Critics Choice Association,Won,550
Oscar,Peoples Choice,Won,1244
Golden Globe,Academy Awards,Won,821
Teen Choice Award,Television Academy,Won,807
Critics Choice,Teen Choice,Honorable Mention,606
Critics Choice,Directors Guild of America,Honorable Mention,90
Directors Guild,Peoples Choice,Nominated,582
Directors Guild,Critics Choice Association,Won,334
Emmy,Television Academy,Honorable Mention,790
Peoples Choice,Teen Choice,Nominated,991
Oscar,Academy Awards,Nominated,889
MTV Movie Award,Peoples Choice,Nominated,798
Peoples Choice,BAFTA,Won,1406
SAG Award,Directors Guild of America,Won,287
Golden Globe,Teen Choice,Honorable Mention,65
SAG Award,Television Academy,Nominated,1502
Directors Guild,Peoples Choice,Honorable Mention,886
Directors Guild,Teen Choice,Honorable Mention,1261
MTV Movie Award,Screen Actors Guild,Won,1882
Emmy,Academy Awards,Won,1900
Golden Globe,Hollywood Foreign Press,Honorable Mention,160
Teen Choice Award,BAFTA,Nominated,1488
Teen Choice Award,Academy Awards,Honorable Mention,23
SAG Award,Peoples Choice,Won,1701
Teen Choice Award,Teen Choice,Won,485
BAFTA,Television Academy,Nominated,1924
Teen Choice Award,Academy Awards,Nominated,988
MTV Movie Award,Peoples Choice,Nominated,883
MTV Movie Award,Directors Guild of America,Nominated,1098
MTV Movie Award,Screen Actors Guild,Nominated,1531
Oscar,MTV,Won,460
Oscar,MTV,Honorable Mention,1726
SAG Award,Critics Choice Association,Nominated,1397
SAG Award,Hollywood Foreign Press,Won,426
Critics Choice,Peoples Choice,Won,879
Oscar,Television Academy,Won,1236
Teen Choice Award,BAFTA,Honorable Mention,1321
Directors Guild,Critics Choice Association,Won,1218
Golden Globe,Teen Choice,Honorable Mention,1568
MTV Movie Award,Television Academy,Won,802
Critics Choice,Directors Guild of America,Won,941
SAG Award,Screen Actors Guild,Honorable Mention,1884
BAFTA,Teen Choice,Won,683
Emmy,BAFTA,Won,124
Directors Guild,MTV,Won,481
Critics Choice,Peoples Choice,Nominated,1322
Peoples Choice,Screen Actors Guild,Honorable Mention,705
Emmy,BAFTA,Honorable Mention,1851
Peoples Choice,Directors Guild of America,Won,580
Directors Guild,Peoples Choice,Honorable Mention,1096
Emmy,Hollywood Foreign Press,Nominated,288
Emmy,Teen Choice,Won,1767
BAFTA,Screen Actors Guild,Nominated,1857
Oscar,Screen Actors Guild,Nominated,149
Oscar,Critics Choice Association,Nominated,1383
Golden Globe,Teen Choice,Won,1513
Teen Choice Award,BAFTA,Won,984
MTV Movie Award,Television Academy,Won,1626
Teen Choice Award,Television Academy,Won,1232
Directors Guild,Critics Choice Association,Won,1308
Emmy,MTV,Won,1868
Golden Globe,Teen Choice,Honorable Mention,737
Directors Guild,BAFTA,Honorable Mention,1644
SAG Award,MTV,Honorable Mention,1786
Emmy,Critics Choice Association,Won,1906
Oscar,BAFTA,Honorable Mention,103
MTV Movie Award,Academy Awards,Won,1820
Emmy,Academy Awards,Won,1876
BAFTA,BAFTA,Honorable Mention,728
Peoples Choice,MTV,Honorable Mention,742
Directors Guild,Academy Awards,Nominated,1741
BAFTA,Screen Actors Guild,Honorable Mention,692
Teen Choice Award,Critics Choice Association,Won,957
SAG Award,BAFTA,Won,469
Oscar,MTV,Honorable Mention,1549
Golden Globe,Television Academy,Won,176
Oscar,Television Academy,Won,1851
Golden Globe,Academy Awards,Honorable Mention,360
Golden Globe,MTV,Nominated,290
Teen Choice Award,BAFTA,Won,507
Teen Choice Award,Screen Actors Guild,Won,1235
Directors Guild,Academy Awards,Nominated,146
Peoples Choice,Television Academy,Won,227
MTV Movie Award,Peoples Choice,Nominated,917
SAG Award,MTV,Won,29
Teen Choice Award,Academy Awards,Nominated,662
Oscar,Screen Actors Guild,Honorable Mention,481
SAG Award,Screen Actors Guild,Nominated,1153
BAFTA,MTV,Nominated,1704
Golden Globe,Peoples Choice,Won,316
Oscar,Critics Choice Association,Nominated,1923
MTV Movie Award,Academy Awards,Won,1572
Critics Choice,Teen Choice,Honorable Mention,1599
Peoples Choice,MTV,Nominated,1113
Directors Guild,Television Academy,Honorable Mention,43
Golden Globe,Academy Awards,Won,1904
SAG Award,Hollywood Foreign Press,Honorable Mention,1216
Peoples Choice,Teen Choice,Nominated,555
Oscar,Teen Choice,Nominated,1066
Teen Choice Award,Directors Guild of America,Won,428
Critics Choice,Peoples Choice,Nominated,503
Directors Guild,MTV,Won,1779
SAG Award,BAFTA,Honorable Mention,598
Critics Choice,Television Academy,Honorable Mention,728
Oscar,BAFTA,Nominated,1355
Emmy,Hollywood Foreign Press,Won,686
Directors Guild,Teen Choice,Honorable Mention,1734
Oscar,Television Academy,Honorable Mention,711
Oscar,Teen Choice,Won,1963
Emmy,Directors Guild of America,Won,374
BAFTA,Hollywood Foreign Press,Nominated,1395
Critics Choice,Hollywood Foreign Press,Honorable Mention,516
BAFTA,BAFTA,Honorable Mention,767
Golden Globe,Critics Choice Association,Won,668
Oscar,MTV,Nominated,518
Emmy,Screen Actors Guild,Won,1223
MTV Movie Award,Hollywood Foreign Press,Won,1156
BAFTA,Critics Choice Association,Won,1560
BAFTA,BAFTA,Honorable Mention,1419
BAFTA,BAFTA,Won,490
Peoples Choice,Teen Choice,Won,1337
Emmy,Television Academy,Honorable Mention,1479
Emmy,Television Academy,Won,1886
Critics Choice,MTV,Won,651
BAFTA,Television Academy,Won,218
Teen Choice Award,MTV,Nominated,1994
Golden Globe,Directors Guild of America,Won,1531
Critics Choice,MTV,Nominated,689
Oscar,MTV,Won,1838
Peoples Choice,Television Academy,Nominated,1735
Oscar,Directors Guild of America,Won,1642
Emmy,MTV,Honorable Mention,1715
SAG Award,Academy Awards,Nominated,1277
MTV Movie Award,Academy Awards,Honorable Mention,1278
MTV Movie Award,Screen Actors Guild,Nominated,265
Peoples Choice,Hollywood Foreign Press,Won,1980
Peoples Choice,Hollywood Foreign Press,Honorable Mention,1061
Emmy,Hollywood Foreign Press,Nominated,830
Peoples Choice,Teen Choice,Nominated,710
Golden Globe,BAFTA,Nominated,1521
Oscar,Critics Choice Association,Nominated,430
Peoples Choice,Peoples Choice,Won,1287
SAG Award,Teen Choice,Honorable Mention,1422
SAG Award,Peoples Choice,Honorable Mention,1712
BAFTA,BAFTA,Honorable Mention,976
Golden Globe,MTV,Honorable Mention,919
Golden Globe,Hollywood Foreign Press,Won,731
Emmy,Teen Choice,Nominated,1170
Directors Guild,Hollywood Foreign Press,Honorable Mention,191
BAFTA,Directors Guild of America,Honorable Mention,111
Directors Guild,Teen Choice,Won,881
SAG Award,Directors Guild of America,Honorable Mention,409
MTV Movie Award,Screen Actors Guild,Nominated,1971
Oscar,Peoples Choice,Nominated,1937
BAFTA,Hollywood Foreign Press,Won,1524
Golden Globe,Academy Awards,Honorable Mention,1323
MTV Movie Award,Teen Choice,Won,1820
Directors Guild,Screen Actors Guild,Won,262
Golden Globe,Teen Choice,Nominated,1203
SAG Award,Critics Choice Association,Won,1269
Emmy,Screen Actors Guild,Nominated,1902
BAFTA,Hollywood Foreign Press,Won,1528
SAG Award,Teen Choice,Won,1449
Directors Guild,Television Academy,Nominated,1296
Teen Choice Award,BAFTA,Won,1017
Critics Choice,Television Academy,Honorable Mention,184
Critics Choice,Peoples Choice,Nominated,950
BAFTA,Critics Choice Association,Honorable Mention,559
Critics Choice,Peoples Choice,Won,1321
MTV Movie Award,BAFTA,Won,169
Golden Globe,Directors Guild of America,Honorable Mention,1923
MTV Movie Award,Teen Choice,Honorable Mention,817
Critics Choice,Teen Choice,Nominated,1955
Teen Choice Award,BAFTA,Honorable Mention,1473
BAFTA,MTV,Honorable Mention,949
Peoples Choice,Teen Choice,Honorable Mention,1559
Directors Guild,Teen Choice,Nominated,391
Peoples Choice,Teen Choice,Won,1856
Oscar,Hollywood Foreign Press,Honorable Mention,1556
MTV Movie Award,Teen Choice,Won,1379
Emmy,Academy Awards,Won,342
BAFTA,Hollywood Foreign Press,Honorable Mention,1004
Golden Globe,MTV,Honorable Mention,1765
Peoples Choice,Screen Actors Guild,Nominated,943
Directors Guild,Teen Choice,Honorable Mention,859
Teen Choice Award,Screen Actors Guild,Honorable Mention,611
Directors Guild,Hollywood Foreign Press,Honorable Mention,1133
BAFTA,BAFTA,Nominated,368
MTV Movie Award,Television Academy,Nominated,1742
BAFTA,Screen Actors Guild,Nominated,371
Directors Guild,Screen Actors Guild,Won,1006
Golden Globe,Peoples Choice,Won,1181
Peoples Choice,Screen Actors Guild,Won,1369
BAFTA,BAFTA,Won,1332
Directors Guild,Hollywood Foreign Press,Won,183
MTV Movie Award,BAFTA,Nominated,1754
Oscar,MTV,Honorable Mention,60
MTV Movie Award,Peoples Choice,Honorable Mention,1922
Golden Globe,Screen Actors Guild,Won,1998
Critics Choice,Screen Actors Guild,Honorable Mention,663
Directors Guild,MTV,Nominated,241
Oscar,BAFTA,Nominated,1770
Teen Choice Award,Directors Guild of America,Won,1742
Critics Choice,BAFTA,Honorable Mention,1473
Oscar,Directors Guild of America,Won,1598
Teen Choice Award,Hollywood Foreign Press,Won,1493
Directors Guild,Teen Choice,Won,1327
Critics Choice,Hollywood Foreign Press,Won,1392
SAG Award,Peoples Choice,Honorable Mention,436
Directors Guild,Peoples Choice,Nominated,849
MTV Movie Award,Directors Guild of America,Won,1635
Directors Guild,BAFTA,Won,494
MTV Movie Award,Teen Choice,Won,1823
BAFTA,Teen Choice,Honorable Mention,504
Emmy,Hollywood Foreign Press,Won,1305
Oscar,Peoples Choice,Nominated,967
Emmy,Screen Actors Guild,Won,962
Peoples Choice,Television Academy,Nominated,1438
MTV Movie Award,MTV,Won,614
Emmy,Critics Choice Association,Honorable Mention,1829
Oscar,Academy Awards,Nominated,1827
MTV Movie Award,Directors Guild of America,Honorable Mention,1653
Teen Choice Award,MTV,Honorable Mention,1040
Emmy,Academy Awards,Honorable Mention,759
MTV Movie Award,Peoples Choice,Won,898
Critics Choice,Screen Actors Guild,Won,1285
Peoples Choice,Hollywood Foreign Press,Won,1170
Critics Choice,Peoples Choice,Nominated,1937
Teen Choice Award,Screen Actors Guild,Won,363
MTV Movie Award,Television Academy,Nominated,867
MTV Movie Award,Television Academy,Won,1631
Peoples Choice,Academy Awards,Won,1216
Golden Globe,Television Academy,Honorable Mention,862
Golden Globe,Academy Awards,Nominated,266
Directors Guild,Directors Guild of America,Won,89
SAG Award,Hollywood Foreign Press,Won,1010
Oscar,BAFTA,Honorable Mention,410
MTV Movie Award,Directors Guild of America,Nominated,1904
Golden Globe,MTV,Nominated,1337
Critics Choice,Academy Awards,Nominated,1342
MTV Movie Award,Hollywood Foreign Press,Honorable Mention,1369
Directors Guild,Screen Actors Guild,Won,163
Oscar,Critics Choice Association,Nominated,1882
Directors Guild,Critics Choice Association,Honorable Mention,1302
Oscar,Teen Choice,Honorable Mention,1964
BAFTA,Peoples Choice,Honorable Mention,1360
SAG Award,Directors Guild of America,Nominated,1445
Critics Choice,Teen Choice,Honorable Mention,1616
Critics Choice,Screen Actors Guild,Nominated,132
Teen Choice Award,Critics Choice Association,Nominated,1227
Critics Choice,BAFTA,Nominated,390
MTV Movie Award,Teen Choice,Honorable Mention,767
BAFTA,MTV,Won,1787
Golden Globe,Directors Guild of America,Nominated,370
Oscar,BAFTA,Won,541
Emmy,Teen Choice,Nominated,496
Critics Choice,Peoples Choice,Won,1064
SAG Award,MTV,Nominated,252
MTV Movie Award,Hollywood Foreign Press,Honorable Mention,1665
Oscar,Critics Choice Association,Honorable Mention,900
Critics Choice,Screen Actors Guild,Nominated,291
Teen Choice Award,Hollywood Foreign Press,Honorable Mention,820
SAG Award,Hollywood Foreign Press,Won,561
Peoples Choice,BAFTA,Honorable Mention,1034
SAG Award,Peoples Choice,Honorable Mention,1251
MTV Movie Award,Screen Actors Guild,Won,1493
SAG Award,Teen Choice,Nominated,1393
Critics Choice,Hollywood Foreign Press,Won,758
Oscar,Peoples Choice,Won,22
Golden Globe,MTV,Nominated,619
Emmy,Critics Choice Association,Honorable Mention,572
Critics Choice,Hollywood Foreign Press,Won,1957
BAFTA,Peoples Choice,Won,1796
MTV Movie Award,Teen Choice,Won,1816
Teen Choice Award,Critics Choice Association,Won,562
Golden Globe,MTV,Nominated,1772
Critics Choice,Hollywood Foreign Press,Won,407
Emmy,Screen Actors Guild,Won,941
Peoples Choice,Screen Actors Guild,Won,1013
Golden Globe,Directors Guild of America,Honorable Mention,1301
BAFTA,Teen Choice,Nominated,639
Critics Choice,Teen Choice,Honorable Mention,590
Golden Globe,Critics Choice Association,Won,233
Oscar,Television Academy,Won,1241
Emmy,MTV,Won,964
Directors Guild,Hollywood Foreign Press,Honorable Mention,367
BAFTA,BAFTA,Nominated,39
Teen Choice Award,BAFTA,Nominated,1909
Oscar,Critics Choice Association,Honorable Mention,1169
Emmy,BAFTA,Honorable Mention,855
Golden Globe,Directors Guild of America,Honorable Mention,126
BAFTA,Screen Actors Guild,Nominated,1628
Golden Globe,Screen Actors Guild,Nominated,1142
MTV Movie Award,MTV,Won,859
Emmy,Hollywood Foreign Press,Honorable Mention,692
BAFTA,MTV,Honorable Mention,1839
SAG Award,Screen Actors Guild,Nominated,1730
Golden Globe,Critics Choice Association,Nominated,145
Golden Globe,Teen Choice,Honorable Mention,1590
Golden Globe,Screen Actors Guild,Won,806
MTV Movie Award,Television Academy,Won,492
Critics Choice,BAFTA,Nominated,35
SAG Award,BAFTA,Won,1264
Peoples Choice,Screen Actors Guild,Won,136
Critics Choice,Critics Choice Association,Nominated,1150
Peoples Choice,Critics Choice Association,Nominated,1769
Oscar,Peoples Choice,Nominated,365
Directors Guild,Critics Choice Association,Nominated,1896
Peoples Choice,BAFTA,Nominated,1540
MTV Movie Award,Teen Choice,Nominated,546
SAG Award,Academy Awards,Won,638
Peoples Choice,Directors Guild of America,Honorable Mention,752
MTV Movie Award,Academy Awards,Won,717
Directors Guild,BAFTA,Nominated,1266
Directors Guild,Peoples Choice,Nominated,1011
Golden Globe,Teen Choice,Nominated,1795
Emmy,MTV,Nominated,1293
Directors Guild,Academy Awards,Nominated,1532
MTV Movie Award,Hollywood Foreign Press,Won,1181
Teen Choice Award,Hollywood Foreign Press,Nominated,903
Golden Globe,Academy Awards,Won,54
BAFTA,BAFTA,Won,480
Emmy,Directors Guild of America,Honorable Mention,978
Teen Choice Award,Teen Choice,Honorable Mention,503
Directors Guild,MTV,Won,1872
Peoples Choice,BAFTA,Nominated,4
BAFTA,Peoples Choice,Won,70
Teen Choice Award,Hollywood Foreign Press,Won,1276
Golden Globe,Screen Actors Guild,Honorable Mention,289
SAG Award,Hollywood Foreign Press,Won,945
Directors Guild,BAFTA,Nominated,775
Critics Choice,MTV,Honorable Mention,188
Golden Globe,Peoples Choice,Won,924
SAG Award,Directors Guild of America,Nominated,66
Teen Choice Award,MTV,Honorable Mention,1552
Oscar,Hollywood Foreign Press,Nominated,1766
Emmy,Screen Actors Guild,Honorable Mention,1304
Teen Choice Award,Academy Awards,Nominated,1483
Emmy,Hollywood Foreign Press,Honorable Mention,131
BAFTA,Directors Guild of America,Nominated,1780
Emmy,Critics Choice Association,Won,1094
Oscar,Teen Choice,Won,1875
MTV Movie Award,Directors Guild of America,Honorable Mention,1789
Emmy,MTV,Won,1211
Oscar,Screen Actors Guild,Won,290
Critics Choice,Directors Guild of America,Honorable Mention,1380
Teen Choice Award,MTV,Won,701
MTV Movie Award,Hollywood Foreign Press,Honorable Mention,1963
SAG Award,Peoples Choice,Won,1777
Peoples Choice,Directors Guild of America,Honorable Mention,75
Emmy,MTV,Nominated,1321
Oscar,BAFTA,Won,173
Critics Choice,Peoples Choice,Won,562
Teen Choice Award,BAFTA,Won,1983
Critics Choice,Directors Guild of America,Honorable Mention,614
SAG Award,Academy Awards,Nominated,1463
Oscar,Screen Actors Guild,Nominated,1512
Critics Choice,Directors Guild of America,Won,1826
BAFTA,Hollywood Foreign Press,Honorable Mention,1271
SAG Award,Peoples Choice,Honorable Mention,1607
Golden Globe,Critics Choice Association,Honorable Mention,498
BAFTA,Academy Awards,Nominated,980
SAG Award,Critics Choice Association,Won,362
Critics Choice,MTV,Nominated,1094
Golden Globe,Directors Guild of America,Won,1223
Critics Choice,Academy Awards,Won,535
Peoples Choice,BAFTA,Won,12
Golden Globe,MTV,Honorable Mention,1746
MTV Movie Award,MTV,Nominated,1128
Golden Globe,Critics Choice Association,Won,712
Peoples Choice,Television Academy,Won,1179
Directors Guild,Teen Choice,Nominated,139
Directors Guild,BAFTA,Honorable Mention,1188
BAFTA,Hollywood Foreign Press,Won,1711
Directors Guild,BAFTA,Nominated,1303
Emmy,Television Academy,Honorable Mention,1493
Critics Choice,MTV,Won,1696
Teen Choice Award,Directors Guild of America,Won,1953
Directors Guild,Critics Choice Association,Nominated,638
SAG Award,Directors Guild of America,Nominated,1592
Golden Globe,Critics Choice Association,Nominated,258
Teen Choice Award,MTV,Nominated,1295
Golden Globe,Peoples Choice,Won,1588
SAG Award,Critics Choice Association,Nominated,1358
Emmy,Television Academy,Won,1499
MTV Movie Award,Academy Awards,Honorable Mention,248
MTV Movie Award,Critics Choice Association,Won,651
Critics Choice,Teen Choice,Nominated,1943
SAG Award,Critics Choice Association,Won,1424
Directors Guild,BAFTA,Honorable Mention,491
Oscar,Hollywood Foreign Press,Honorable Mention,1448
MTV Movie Award,Television Academy,Honorable Mention,1330
SAG Award,Television Academy,Honorable Mention,1611
MTV Movie Award,Critics Choice Association,Honorable Mention,325
SAG Award,Peoples Choice,Won,619
MTV Movie Award,Peoples Choice,Nominated,1794
Emmy,Peoples Choice,Nominated,1591
Golden Globe,Directors Guild of America,Nominated,621
MTV Movie Award,Critics Choice Association,Honorable Mention,1160
Critics Choice,Peoples Choice,Honorable Mention,1257
Directors Guild,Teen Choice,Won,1136
Teen Choice Award,Television Academy,Honorable Mention,1023
BAFTA,Directors Guild of America,Nominated,1512
Critics Choice,Directors Guild of America,Nominated,1761
Peoples Choice,Screen Actors Guild,Honorable Mention,774
Critics Choice,Teen Choice,Nominated,934
Teen Choice Award,MTV,Honorable Mention,723
Peoples Choice,MTV,Nominated,1816
MTV Movie Award,Peoples Choice,Honorable Mention,1970
Emmy,BAFTA,Nominated,584
Critics Choice,Academy Awards,Won,71
Oscar,Critics Choice Association,Won,1739
Teen Choice Award,BAFTA,Won,881
Oscar,BAFTA,Nominated,328
SAG Award,Hollywood Foreign Press,Nominated,1663
Directors Guild,Hollywood Foreign Press,Won,838
Golden Globe,Academy Awards,Won,348
MTV Movie Award,Directors Guild of America,Nominated,525
Directors Guild,Directors Guild of America,Nominated,1367
Peoples Choice,BAFTA,Won,877
MTV Movie Award,Peoples Choice,Won,421
Directors Guild,BAFTA,Won,117
Critics Choice,Academy Awards,Honorable Mention,1407
Oscar,BAFTA,Honorable Mention,227
Teen Choice Award,Peoples Choice,Nominated,700
Golden Globe,MTV,Honorable Mention,1731
Peoples Choice,Directors Guild of America,Nominated,723
MTV Movie Award,Teen Choice,Honorable Mention,664
Oscar,Television Academy,Nominated,814
BAFTA,Peoples Choice,Won,1276
Teen Choice Award,Peoples Choice,Won,1250
Oscar,BAFTA,Won,920
Peoples Choice,BAFTA,Won,740
Emmy,Screen Actors Guild,Nominated,1246
Directors Guild,Directors Guild of America,Nominated,1381
Directors Guild,MTV,Honorable Mention,1112
Peoples Choice,Television Academy,Honorable Mention,860
Critics Choice,Academy Awards,Honorable Mention,1435
BAFTA,BAFTA,Won,1783
Directors Guild,Directors Guild of America,Won,1775
Peoples Choice,Hollywood Foreign Press,Nominated,1462
BAFTA,Screen Actors Guild,Won,1888
Directors Guild,Hollywood Foreign Press,Honorable Mention,1474
Critics Choice,Peoples Choice,Nominated,428
Golden Globe,MTV,Nominated,662
Emmy,Hollywood Foreign Press,Nominated,1840
Emmy,Academy Awards,Nominated,1009
Emmy,Television Academy,Nominated,1421
MTV Movie Award,Academy Awards,Nominated,1635
Golden Globe,Critics Choice Association,Honorable Mention,1118
MTV Movie Award,Screen Actors Guild,Nominated,532
Emmy,Television Academy,Honorable Mention,709
SAG Award,BAFTA,Won,5
Peoples Choice,BAFTA,Nominated,1041
BAFTA,Peoples Choice,Won,1493
SAG Award,Academy Awards,Honorable Mention,91
SAG Award,Academy Awards,Nominated,850
Oscar,Critics Choice Association,Nominated,1852
Peoples Choice,Directors Guild of America,Won,1917
Oscar,Television Academy,Honorable Mention,1329
Directors Guild,Critics Choice Association,Honorable Mention,1530
Emmy,Directors Guild of America,Won,840
Teen Choice Award,Screen Actors Guild,Nominated,868
BAFTA,MTV,Honorable Mention,899
Golden Globe,Critics Choice Association,Nominated,1887
Peoples Choice,MTV,Won,1726
Peoples Choice,BAFTA,Nominated,1463
Golden Globe,Peoples Choice,Honorable Mention,304
BAFTA,BAFTA,Won,708
Directors Guild,BAFTA,Honorable Mention,1516
Golden Globe,Academy Awards,Nominated,1290
Golden Globe,Directors Guild of America,Nominated,475
Golden Globe,Teen Choice,Won,449
Peoples Choice,Peoples Choice,Won,805
Teen Choice Award,Screen Actors Guild,Honorable Mention,1439
Teen Choice Award,Peoples Choice,Won,54
Oscar,BAFTA,Nominated,1125
Teen Choice Award,Teen Choice,Honorable Mention,986
BAFTA,Screen Actors Guild,Honorable Mention,1045
Oscar,Teen Choice,Won,740
Critics Choice,Teen Choice,Honorable Mention,94
Directors Guild,Critics Choice Association,Nominated,74
Peoples Choice,BAFTA,Honorable Mention,346
SAG Award,Screen Actors Guild,Nominated,1022
Teen Choice Award,BAFTA,Nominated,1299
Golden Globe,Peoples Choice,Nominated,421
SAG Award,MTV,Won,1840
Teen Choice Award,MTV,Honorable Mention,1451
BAFTA,Teen Choice,Honorable Mention,315
MTV Movie Award,Screen Actors Guild,Honorable Mention,1537
MTV Movie Award,MTV,Nominated,1506
Directors Guild,Peoples Choice,Honorable Mention,396
Oscar,Academy Awards,Honorable Mention,1425
Golden Globe,Screen Actors Guild,Won,1922
MTV Movie Award,MTV,Won,1435
Teen Choice Award,Critics Choice Association,Nominated,1866
Critics Choice,Television Academy,Honorable Mention,152
SAG Award,Screen Actors Guild,Honorable Mention,78
Golden Globe,Screen Actors Guild,Won,1697
MTV Movie Award,Academy Awards,Honorable Mention,605
Critics Choice,Directors Guild of America,Nominated,588
Oscar,Screen Actors Guild,Honorable Mention,1989
MTV Movie Award,Hollywood Foreign Press,Nominated,1058
Emmy,Hollywood Foreign Press,Nominated,513
Critics Choice,Peoples Choice,Won,860
Directors Guild,Academy Awards,Honorable Mention,311
Emmy,Television Academy,Honorable Mention,1833
Golden Globe,MTV,Honorable Mention,699
Peoples Choice,Screen Actors Guild,Won,617
Directors Guild,Academy Awards,Honorable Mention,1303
SAG Award,Teen Choice,Won,1165
Peoples Choice,Hollywood Foreign Press,Honorable Mention,1429
Golden Globe,Academy Awards,Honorable Mention,927
Teen Choice Award,Critics Choice Association,Won,1665
Emmy,Directors Guild of America,Nominated,681
Critics Choice,Academy Awards,Honorable Mention,172
Directors Guild,Peoples Choice,Won,1913
Golden Globe,MTV,Nominated,336
Critics Choice,Hollywood Foreign Press,Won,765
MTV Movie Award,Academy Awards,Honorable Mention,973
SAG Award,BAFTA,Honorable Mention,318
SAG Award,Hollywood Foreign Press,Won,1074
Peoples Choice,Directors Guild of America,Won,1076
Emmy,Screen Actors Guild,Won,1039
SAG Award,Television Academy,Honorable Mention,212
Peoples Choice,Critics Choice Association,Won,1430
SAG Award,Teen Choice,Nominated,807
MTV Movie Award,BAFTA,Won,125
Teen Choice Award,Peoples Choice,Honorable Mention,688
Directors Guild,BAFTA,Won,1840
BAFTA,MTV,Won,1159
Golden Globe,Academy Awards,Won,967
BAFTA,Hollywood Foreign Press,Nominated,1324
Critics Choice,Critics Choice Association,Nominated,789
Oscar,Critics Choice Association,Won,853
SAG Award,Hollywood Foreign Press,Nominated,176
Oscar,Academy Awards,Honorable Mention,17
Emmy,Directors Guild of America,Nominated,390
Critics Choice,BAFTA,Honorable Mention,1819
Peoples Choice,Directors Guild of America,Won,1636
Critics Choice,Critics Choice Association,Won,1643
Emmy,Peoples Choice,Nominated,328
Directors Guild,Academy Awards,Nominated,1341
SAG Award,Hollywood Foreign Press,Honorable Mention,20
MTV Movie Award,MTV,Honorable Mention,34
Peoples Choice,Screen Actors Guild,Won,1265
Golden Globe,Screen Actors Guild,Nominated,68
Emmy,Peoples Choice,Nominated,841
Emmy,Screen Actors Guild,Nominated,1872
BAFTA,Critics Choice Association,Honorable Mention,1872
Directors Guild,Peoples Choice,Won,931
Peoples Choice,Screen Actors Guild,Won,1869
BAFTA,BAFTA,Nominated,633
BAFTA,Teen Choice,Honorable Mention,98
SAG Award,Screen Actors Guild,Honorable Mention,1424
BAFTA,Critics Choice Association,Honorable Mention,1021
Critics Choice,BAFTA,Honorable Mention,1336
SAG Award,Screen Actors Guild,Won,46
Critics Choice,Peoples Choice,Nominated,1155
Peoples Choice,Screen Actors Guild,Honorable Mention,313
MTV Movie Award,Television Academy,Honorable Mention,550
SAG Award,Hollywood Foreign Press,Nominated,1259
Directors Guild,Academy Awards,Honorable Mention,432
Oscar,MTV,Honorable Mention,1277
Emmy,Teen Choice,Honorable Mention,891
Peoples Choice,Peoples Choice,Honorable Mention,132
Directors Guild,Screen Actors Guild,Won,642
Directors Guild,Screen Actors Guild,Nominated,935
SAG Award,BAFTA,Nominated,1039
Oscar,Television Academy,Won,1112
Directors Guild,Television Academy,Honorable Mention,340
Emmy,Critics Choice Association,Won,518
Critics Choice,Television Academy,Won,1506
Teen Choice Award,BAFTA,Nominated,1851
Critics Choice,BAFTA,Honorable Mention,862
Peoples Choice,Academy Awards,Nominated,217
Peoples Choice,Academy Awards,Nominated,1759
Oscar,Peoples Choice,Honorable Mention,1795
Directors Guild,Screen Actors Guild,Nominated,1660
Peoples Choice,Screen Actors Guild,Won,1593
SAG Award,Screen Actors Guild,Honorable Mention,82
Directors Guild,Teen Choice,Won,789
Emmy,Television Academy,Honorable Mention,589
MTV Movie Award,Directors Guild of America,Won,809
BAFTA,Critics Choice Association,Honorable Mention,1522
Teen Choice Award,Screen Actors Guild,Won,265
Critics Choice,Critics Choice Association,Won,790
Critics Choice,Directors Guild of America,Won,1799
MTV Movie Award,BAFTA,Honorable Mention,1549
Golden Globe,Directors Guild of America,Won,1091
SAG Award,MTV,Won,1577
Directors Guild,Teen Choice,Won,1865
MTV Movie Award,Critics Choice Association,Nominated,132
Teen Choice Award,Hollywood Foreign Press,Nominated,1058
SAG Award,BAFTA,Honorable Mention,741
Directors Guild,Directors Guild of America,Honorable Mention,1126
BAFTA,Television Academy,Won,1275
Critics Choice,Peoples Choice,Honorable Mention,1878
Oscar,MTV,Won,956
MTV Movie Award,Television Academy,Nominated,651
SAG Award,Hollywood Foreign Press,Won,1708
Peoples Choice,Screen Actors Guild,Won,1485
Emmy,Screen Actors Guild,Won,292
SAG Award,Television Academy,Won,1786
Teen Choice Award,MTV,Nominated,1658
Golden Globe,Hollywood Foreign Press,Honorable Mention,1922
Peoples Choice,Hollywood Foreign Press,Nominated,617
Oscar,Directors Guild of America,Nominated,1565
Oscar,Critics Choice Association,Won,1529
Oscar,Critics Choice Association,Honorable Mention,1501
Golden Globe,Peoples Choice,Honorable Mention,146
MTV Movie Award,Academy Awards,Won,600
Oscar,Directors Guild of America,Honorable Mention,669
SAG Award,Peoples Choice,Nominated,423
Teen Choice Award,Directors Guild of America,Nominated,757
Peoples Choice,Peoples Choice,Nominated,730
MTV Movie Award,BAFTA,Nominated,187
BAFTA,Hollywood Foreign Press,Won,1277
Critics Choice,Academy Awards,Nominated,814
Peoples Choice,Screen Actors Guild,Honorable Mention,266
BAFTA,Teen Choice,Nominated,904
MTV Movie Award,Directors Guild of America,Won,517
Peoples Choice,Academy Awards,Honorable Mention,796
Critics Choice,MTV,Won,1924
Directors Guild,Critics Choice Association,Won,1371
Teen Choice Award,BAFTA,Won,1163
Teen Choice Award,Directors Guild of America,Nominated,1232
Directors Guild,BAFTA,Nominated,1499
Emmy,Hollywood Foreign Press,Nominated,1311
Teen Choice Award,Hollywood Foreign Press,Honorable Mention,1770
BAFTA,BAFTA,Honorable Mention,275
BAFTA,Teen Choice,Nominated,1795
Emmy,Academy Awards,Nominated,926
Teen Choice Award,MTV,Honorable Mention,1076
SAG Award,Screen Actors Guild,Nominated,785
SAG Award,Television Academy,Honorable Mention,1919
Golden Globe,Directors Guild of America,Honorable Mention,437
Emmy,Television Academy,Nominated,592
SAG Award,Academy Awards,Nominated,439
SAG Award,Screen Actors Guild,Won,217
Directors Guild,Television Academy,Won,599
Golden Globe,Critics Choice Association,Won,523
Directors Guild,Television Academy,Nominated,216
Oscar,Teen Choice,Won,17
Directors Guild,Television Academy,Honorable Mention,528
Emmy,MTV,Won,128
BAFTA,Television Academy,Nominated,1617
Golden Globe,BAFTA,Won,1090
Golden Globe,Peoples Choice,Nominated,1971
Golden Globe,MTV,Honorable Mention,1388
Emmy,Directors Guild of America,Won,430
Directors Guild,MTV,Won,1685
Directors Guild,Directors Guild of America,Honorable Mention,807
Teen Choice Award,Hollywood Foreign Press,Nominated,1583
Peoples Choice,Peoples Choice,Nominated,605
Golden Globe,Hollywood Foreign Press,Won,296
Golden Globe,Critics Choice Association,Nominated,121
Emmy,Hollywood Foreign Press,Won,1813
Directors Guild,MTV,Nominated,161
Oscar,MTV,Won,386
BAFTA,Academy Awards,Won,1329
SAG Award,Directors Guild of America,Honorable Mention,916
Emmy,BAFTA,Nominated,1599
Golden Globe,Screen Actors Guild,Nominated,855
Directors Guild,Hollywood Foreign Press,Honorable Mention,192
Directors Guild,MTV,Honorable Mention,1408
Emmy,Television Academy,Nominated,179
Emmy,BAFTA,Won,323
Teen Choice Award,BAFTA,Won,302
Peoples Choice,Hollywood Foreign Press,Nominated,1835
Oscar,Television Academy,Honorable Mention,518
Peoples Choice,BAFTA,Won,747
Golden Globe,Academy Awards,Honorable Mention,1389
Oscar,Teen Choice,Honorable Mention,1123
BAFTA,Academy Awards,Won,1208
BAFTA,Academy Awards,Nominated,944
Teen Choice Award,Television Academy,Honorable Mention,832
SAG Award,Hollywood Foreign Press,Won,1292
MTV Movie Award,Peoples Choice,Honorable Mention,772
Oscar,Peoples Choice,Won,1797
Oscar,Directors Guild of America,Honorable Mention,216
Oscar,Screen Actors Guild,Honorable Mention,1813
Golden Globe,Screen Actors Guild,Nominated,975
MTV Movie Award,Academy Awards,Nominated,249
Critics Choice,Academy Awards,Honorable Mention,92
MTV Movie Award,Critics Choice Association,Won,665
MTV Movie Award,Hollywood Foreign Press,Won,1840
Oscar,Teen Choice,Nominated,985
Oscar,BAFTA,Honorable Mention,1997
Golden Globe,Screen Actors Guild,Nominated,1654
Teen Choice Award,Directors Guild of America,Honorable Mention,754
Peoples Choice,Academy Awards,Nominated,196
Peoples Choice,Television Academy,Nominated,1180
Oscar,Peoples Choice,Nominated,503
Teen Choice Award,Screen Actors Guild,Won,478
Golden Globe,Screen Actors Guild,Honorable Mention,1580
SAG Award,Critics Choice Association,Nominated,1584
Peoples Choice,Screen Actors Guild,Won,1478
Emmy,Peoples Choice,Nominated,236
Peoples Choice,Directors Guild of America,Nominated,714
BAFTA,Hollywood Foreign Press,Honorable Mention,1661
MTV Movie Award,Academy Awards,Nominated,1242
Critics Choice,Screen Actors Guild,Honorable Mention,944
Emmy,BAFTA,Won,1853
Golden Globe,Screen Actors Guild,Won,1036
Peoples Choice,Academy Awards,Won,323
Critics Choice,Critics Choice Association,Nominated,936
Peoples Choice,Directors Guild of America,Nominated,1478
Critics Choice,Peoples Choice,Nominated,1518
Emmy,Television Academy,Honorable Mention,1037
Teen Choice Award,Television Academy,Won,873
Critics Choice,Critics Choice Association,Won,553
Teen Choice Award,Critics Choice Association,Honorable Mention,357
Emmy,Television Academy,Honorable Mention,1853
Oscar,Hollywood Foreign Press,Won,1127
Directors Guild,Academy Awards,Honorable Mention,120
BAFTA,Critics Choice Association,Won,546
Critics Choice,Critics Choice Association,Won,1955
SAG Award,Directors Guild of America,Won,960
MTV Movie Award,Academy Awards,Won,630
Critics Choice,Critics Choice Association,Won,394
Critics Choice,Screen Actors Guild,Honorable Mention,195
Critics Choice,Hollywood Foreign Press,Honorable Mention,658
Teen Choice Award,Screen Actors Guild,Won,247
Directors Guild,MTV,Nominated,1974
Teen Choice Award,Peoples Choice,Won,1817
Oscar,Teen Choice,Nominated,1655
SAG Award,Screen Actors Guild,Honorable Mention,722
Emmy,Academy Awards,Won,1877
Critics Choice,Peoples Choice,Won,951
MTV Movie Award,Academy Awards,Nominated,1693
Teen Choice Award,Teen Choice,Won,1755
Emmy,MTV,Nominated,992
Teen Choice Award,Television Academy,Nominated,624
BAFTA,Hollywood Foreign Press,Won,1714
Teen Choice Award,Critics Choice Association,Won,682
Emmy,Hollywood Foreign Press,Won,145
MTV Movie Award,Peoples Choice,Won,1945
MTV Movie Award,Teen Choice,Honorable Mention,949
Peoples Choice,Television Academy,Won,1261
Directors Guild,Directors Guild of America,Won,1335
Peoples Choice,Screen Actors Guild,Nominated,486
Golden Globe,Academy Awards,Honorable Mention,1752
MTV Movie Award,Academy Awards,Nominated,418
Directors Guild,Teen Choice,Won,1683
Emmy,Directors Guild of America,Nominated,1244
Golden Globe,Screen Actors Guild,Nominated,1857
Emmy,Hollywood Foreign Press,Honorable Mention,384
Critics Choice,Directors Guild of America,Won,1735
BAFTA,Television Academy,Honorable Mention,752
Teen Choice Award,MTV,Won,253
SAG Award,Screen Actors Guild,Won,1204
BAFTA,Hollywood Foreign Press,Honorable Mention,685
SAG Award,Television Academy,Nominated,668
Directors Guild,Screen Actors Guild,Honorable Mention,793
BAFTA,Critics Choice Association,Won,1058
Golden Globe,Critics Choice Association,Honorable Mention,1746
SAG Award,Hollywood Foreign Press,Honorable Mention,1054
Emmy,Hollywood Foreign Press,Honorable Mention,1784
Teen Choice Award,Directors Guild of America,Nominated,828
Oscar,BAFTA,Nominated,582
Peoples Choice,Academy Awards,Won,798
MTV Movie Award,Hollywood Foreign Press,Nominated,1544
Oscar,Academy Awards,Honorable Mention,119
Emmy,Directors Guild of America,Nominated,1528
MTV Movie Award,Television Academy,Won,143
Oscar,Academy Awards,Won,139
BAFTA,Directors Guild of America,Honorable Mention,1605
Emmy,Critics Choice Association,Honorable Mention,1863
Peoples Choice,BAFTA,Won,1770
Teen Choice Award,Hollywood Foreign Press,Won,1398
Critics Choice,Screen Actors Guild,Honorable Mention,1291
Peoples Choice,BAFTA,Won,1980
SAG Award,Hollywood Foreign Press,Nominated,1956
Peoples Choice,Television Academy,Nominated,1613
Oscar,Academy Awards,Nominated,1049
BAFTA,Academy Awards,Nominated,1324
Critics Choice,Screen Actors Guild,Honorable Mention,1707
Oscar,BAFTA,Honorable Mention,368
SAG Award,Critics Choice Association,Won,686
Golden Globe,Screen Actors Guild,Honorable Mention,758
Teen Choice Award,BAFTA,Nominated,915
Oscar,Screen Actors Guild,Nominated,1897
Teen Choice Award,BAFTA,Nominated,1335
Directors Guild,Screen Actors Guild,Nominated,978
SAG Award,Directors Guild of America,Nominated,303
Critics Choice,Academy Awards,Won,1758
MTV Movie Award,Directors Guild of America,Nominated,365
Emmy,Directors Guild of America,Won,1372
Golden Globe,Screen Actors Guild,Honorable Mention,257
Peoples Choice,MTV,Nominated,1248
Directors Guild,Teen Choice,Won,341
Golden Globe,Screen Actors Guild,Nominated,1221
Critics Choice,MTV,Nominated,1113
BAFTA,MTV,Nominated,1630
Peoples Choice,MTV,Won,1418
Peoples Choice,Teen Choice,Nominated,772
Oscar,Directors Guild of America,Nominated,254
Golden Globe,Screen Actors Guild,Won,504
Emmy,Screen Actors Guild,Nominated,950
MTV Movie Award,Television Academy,Honorable Mention,624
Critics Choice,BAFTA,Won,643
Peoples Choice,Television Academy,Won,566
Critics Choice,Peoples Choice,Nominated,1690
MTV Movie Award,Directors Guild of America,Honorable Mention,957
BAFTA,Television Academy,Nominated,1284
Peoples Choice,Directors Guild of America,Honorable Mention,1843
Peoples Choice,MTV,Honorable Mention,1772
Golden Globe,Teen Choice,Nominated,1295
Directors Guild,Academy Awards,Nominated,649
Oscar,Critics Choice Association,Won,1403
Teen Choice Award,Critics Choice Association,Honorable Mention,118
Directors Guild,Critics Choice Association,Honorable Mention,1464
SAG Award,BAFTA,Honorable Mention,806
Emmy,Teen Choice,Won,1303
MTV Movie Award,Teen Choice,Honorable Mention,82
MTV Movie Award,Academy Awards,Nominated,1023
Oscar,Teen Choice,Nominated,1897
Oscar,Television Academy,Won,1594
SAG Award,Teen Choice,Honorable Mention,1044
Teen Choice Award,Teen Choice,Honorable Mention,1889
Emmy,Directors Guild of America,Nominated,1165
Critics Choice,MTV,Honorable Mention,732
Peoples Choice,Peoples Choice,Nominated,384
Golden Globe,Teen Choice,Won,1810
Peoples Choice,MTV,Won,438
SAG Award,Hollywood Foreign Press,Honorable Mention,582
Critics Choice,Screen Actors Guild,Honorable Mention,1309
SAG Award,Critics Choice Association,Honorable Mention,1903
SAG Award,Teen Choice,Nominated,465
MTV Movie Award,Academy Awards,Won,1906
Teen Choice Award,Directors Guild of America,Nominated,1160
Critics Choice,Critics Choice Association,Nominated,494
MTV Movie Award,Television Academy,Nominated,745
Peoples Choice,MTV,Won,13
Critics Choice,MTV,Honorable Mention,68
Teen Choice Award,Directors Guild of America,Won,163
Golden Globe,Television Academy,Honorable Mention,726
Peoples Choice,Directors Guild of America,Honorable Mention,1113
BAFTA,Academy Awards,Won,1243
Directors Guild,Screen Actors Guild,Honorable Mention,1515
Peoples Choice,Academy Awards,Honorable Mention,924
SAG Award,Screen Actors Guild,Nominated,324
Golden Globe,Critics Choice Association,Honorable Mention,41
Directors Guild,Peoples Choice,Honorable Mention,1570
SAG Award,Screen Actors Guild,Honorable Mention,1104
Oscar,Teen Choice,Honorable Mention,305
Peoples Choice,MTV,Won,996
SAG Award,Screen Actors Guild,Won,1152
Directors Guild,Screen Actors Guild,Nominated,227
Directors Guild,Teen Choice,Won,957
SAG Award,Directors Guild of America,Honorable Mention,1080
Golden Globe,MTV,Nominated,1261
BAFTA,Television Academy,Nominated,1104
SAG Award,BAFTA,Nominated,1109
MTV Movie Award,Critics Choice Association,Won,1069
Teen Choice Award,Hollywood Foreign Press,Nominated,1189
MTV Movie Award,Hollywood Foreign Press,Honorable Mention,304
Peoples Choice,Hollywood Foreign Press,Won,911
Emmy,MTV,Nominated,1553
SAG Award,Critics Choice Association,Honorable Mention,1929
Teen Choice Award,MTV,Honorable Mention,1986
Emmy,BAFTA,Won,1118
Peoples Choice,Screen Actors Guild,Won,1272
Oscar,Academy Awards,Honorable Mention,992
Oscar,Academy Awards,Nominated,369
SAG Award,Peoples Choice,Honorable Mention,1044
Golden Globe,Critics Choice Association,Nominated,959
Directors Guild,MTV,Honorable Mention,452
Teen Choice Award,Screen Actors Guild,Won,169
Directors Guild,Academy Awards,Won,1635
MTV Movie Award,Screen Actors Guild,Nominated,791
Golden Globe,Critics Choice Association,Won,333
Emmy,Directors Guild of America,Won,1186
Peoples Choice,Directors Guild of America,Won,491
Critics Choice,Television Academy,Won,758
MTV Movie Award,Hollywood Foreign Press,Nominated,1905
BAFTA,Critics Choice Association,Nominated,1016
Peoples Choice,Peoples Choice,Honorable Mention,1319
Teen Choice Award,Directors Guild of America,Won,972
MTV Movie Award,BAFTA,Nominated,34
Golden Globe,Critics Choice Association,Honorable Mention,374
Peoples Choice,Hollywood Foreign Press,Honorable Mention,390
Peoples Choice,MTV,Nominated,914
Emmy,BAFTA,Nominated,321
Peoples Choice,BAFTA,Nominated,1910
Directors Guild,MTV,Honorable Mention,1877
Directors Guild,Teen Choice,Honorable Mention,1156
Peoples Choice,Critics Choice Association,Honorable Mention,37
Oscar,Academy Awards,Nominated,1372
Oscar,Academy Awards,Honorable Mention,1778
Oscar,Directors Guild of America,Won,308
Directors Guild,BAFTA,Nominated,1178
Oscar,Directors Guild of America,Honorable Mention,1222
MTV Movie Award,Teen Choice,Won,133
Peoples Choice,Television Academy,Nominated,1144
Critics Choice,BAFTA,Honorable Mention,1276
BAFTA,Academy Awards,Nominated,1334
MTV Movie Award,Critics Choice Association,Nominated,36
Peoples Choice,Hollywood Foreign Press,Won,484
MTV Movie Award,MTV,Nominated,1042
SAG Award,Screen Actors Guild,Won,850
MTV Movie Award,Hollywood Foreign Press,Nominated,1101
Emmy,Peoples Choice,Honorable Mention,1120
BAFTA,Academy Awards,Won,1166
Peoples Choice,Hollywood Foreign Press,Won,201
Directors Guild,Teen Choice,Nominated,1249
Peoples Choice,BAFTA,Honorable Mention,1365
Directors Guild,Hollywood Foreign Press,Won,1812
Critics Choice,Screen Actors Guild,Honorable Mention,1434
MTV Movie Award,Screen Actors Guild,Nominated,1451
MTV Movie Award,Television Academy,Won,1825
SAG Award,MTV,Won,503
Critics Choice,Critics Choice Association,Won,607
SAG Award,BAFTA,Nominated,802
Critics Choice,Peoples Choice,Won,1016
Peoples Choice,Teen Choice,Nominated,1176
Emmy,Directors Guild of America,Honorable Mention,66
BAFTA,Academy Awards,Nominated,1461
Peoples Choice,Directors Guild of America,Honorable Mention,1616
Golden Globe,Screen Actors Guild,Won,731
Critics Choice,Directors Guild of America,Nominated,102
MTV Movie Award,Screen Actors Guild,Nominated,541
MTV Movie Award,Peoples Choice,Honorable Mention,1519
BAFTA,Critics Choice Association,Won,880
Golden Globe,MTV,Won,788
Directors Guild,Directors Guild of America,Honorable Mention,764
Critics Choice,Screen Actors Guild,Honorable Mention,23
SAG Award,Peoples Choice,Nominated,1967
Critics Choice,Peoples Choice,Honorable Mention,314
Teen Choice Award,Teen Choice,Honorable Mention,664
MTV Movie Award,BAFTA,Honorable Mention,170
Emmy,Television Academy,Honorable Mention,312
BAFTA,Teen Choice,Honorable Mention,1497
Teen Choice Award,Television Academy,Honorable Mention,187
MTV Movie Award,Teen Choice,Honorable Mention,1864
Directors Guild,Teen Choice,Nominated,972
Critics Choice,Critics Choice Association,Honorable Mention,1835
Peoples Choice,Critics Choice Association,Won,1760
Oscar,MTV,Honorable Mention,859
Oscar,Teen Choice,Honorable Mention,1112
Critics Choice,Screen Actors Guild,Won,1702
Emmy,Hollywood Foreign Press,Honorable Mention,711
Emmy,Television Academy,Won,763
Emmy,Television Academy,Nominated,1512
Golden Globe,Screen Actors Guild,Honorable Mention,93
Emmy,BAFTA,Won,1863
Golden Globe,Screen Actors Guild,Won,1380
Peoples Choice,MTV,Honorable Mention,331
Teen Choice Award,Television Academy,Nominated,917
Emmy,Critics Choice Association,Nominated,124
Emmy,BAFTA,Won,845
Teen Choice Award,Directors Guild of America,Nominated,1165
Teen Choice Award,Television Academy,Won,1756
Peoples Choice,Television Academy,Nominated,1680
SAG Award,Hollywood Foreign Press,Honorable Mention,851
MTV Movie Award,Television Academy,Honorable Mention,1555
Peoples Choice,Directors Guild of America,Won,161
MTV Movie Award,Directors Guild of America,Honorable Mention,1900
Teen Choice Award,Hollywood Foreign Press,Honorable Mention,1625
Directors Guild,Directors Guild of America,Nominated,76
Directors Guild,MTV,Nominated,200
BAFTA,Critics Choice Association,Won,1724
BAFTA,Directors Guild of America,Won,1049
Emmy,Hollywood Foreign Press,Honorable Mention,1798
Oscar,Academy Awards,Won,181
MTV Movie Award,Screen Actors Guild,Nominated,1183
Critics Choice,Teen Choice,Won,427
Teen Choice Award,Television Academy,Nominated,499
Directors Guild,MTV,Nominated,1781
Peoples Choice,Critics Choice Association,Honorable Mention,1094
Teen Choice Award,MTV,Honorable Mention,635
Oscar,Teen Choice,Nominated,1146
Critics Choice,Teen Choice,Won,1927
Emmy,BAFTA,Honorable Mention,1701
Emmy,Screen Actors Guild,Nominated,1047
SAG Award,Academy Awards,Nominated,1747
Directors Guild,Teen Choice,Nominated,184
BAFTA,Critics Choice Association,Honorable Mention,1117
Golden Globe,Peoples Choice,Honorable Mention,230
Teen Choice Award,Television Academy,Won,757
Oscar,Critics Choice Association,Honorable Mention,445
BAFTA,Hollywood Foreign Press,Won,1565
Emmy,BAFTA,Honorable Mention,413
SAG Award,BAFTA,Nominated,507
Directors Guild,MTV,Nominated,1521
Peoples Choice,Television Academy,Won,233
Golden Globe,MTV,Nominated,1844
Directors Guild,BAFTA,Honorable Mention,27
Critics Choice,Teen Choice,Nominated,732
BAFTA,Critics Choice Association,Nominated,1555
MTV Movie Award,Directors Guild of America,Honorable Mention,1956
BAFTA,Critics Choice Association,Honorable Mention,1412
Peoples Choice,Peoples Choice,Won,1499
Golden Globe,Academy Awards,Nominated,445
Critics Choice,Directors Guild of America,Nominated,1909
SAG Award,Screen Actors Guild,Nominated,827
Directors Guild,MTV,Nominated,335
SAG Award,Critics Choice Association,Nominated,816
Emmy,BAFTA,Nominated,1219
Critics Choice,Hollywood Foreign Press,Honorable Mention,485
BAFTA,Television Academy,Won,1393
Critics Choice,Peoples Choice,Nominated,1766
Teen Choice Award,Critics Choice Association,Honorable Mention,1264
Peoples Choice,Teen Choice,Honorable Mention,1246
Directors Guild,Hollywood Foreign Press,Nominated,37
SAG Award,Hollywood Foreign Press,Honorable Mention,1304
MTV Movie Award,Directors Guild of America,Won,623
SAG Award,Teen Choice,Won,207
Emmy,Academy Awards,Honorable Mention,756
BAFTA,Academy Awards,Honorable Mention,504
Oscar,Peoples Choice,Won,1390
Peoples Choice,Peoples Choice,Nominated,1300
MTV Movie Award,Academy Awards,Honorable Mention,690
Golden Globe,Directors Guild of America,Won,632
BAFTA,Critics Choice Association,Won,1189
Critics Choice,Screen Actors Guild,Won,955
Oscar,Television Academy,Honorable Mention,1360
Directors Guild,Peoples Choice,Won,166
Directors Guild,BAFTA,Honorable Mention,488
BAFTA,Directors Guild of America,Won,1187
Emmy,Directors Guild of America,Nominated,1170
BAFTA,Academy Awards,Honorable Mention,822
Critics Choice,Directors Guild of America,Won,638
MTV Movie Award,BAFTA,Won,998
Golden Globe,Critics Choice Association,Won,1058
MTV Movie Award,Directors Guild of America,Honorable Mention,506
BAFTA,Hollywood Foreign Press,Won,440
BAFTA,Critics Choice Association,Nominated,656
BAFTA,Peoples Choice,Won,737
Directors Guild,MTV,Won,720
Golden Globe,MTV,Honorable Mention,1696
Critics Choice,Critics Choice Association,Won,1266
Oscar,Hollywood Foreign Press,Won,1010
Directors Guild,Critics Choice Association,Honorable Mention,144
Emmy,MTV,Honorable Mention,1944
Peoples Choice,MTV,Nominated,288
Teen Choice Award,Television Academy,Honorable Mention,72
Emmy,Directors Guild of America,Nominated,1658
Directors Guild,Television Academy,Won,1314
Golden Globe,MTV,Honorable Mention,1065
Golden Globe,Directors Guild of America,Honorable Mention,1599
Golden Globe,Teen Choice,Honorable Mention,229
MTV Movie Award,Television Academy,Nominated,214
SAG Award,Academy Awards,Won,1736
Teen Choice Award,Peoples Choice,Nominated,1000
Emmy,MTV,Honorable Mention,981
Directors Guild,Peoples Choice,Honorable Mention,709
Oscar,BAFTA,Nominated,331
Golden Globe,Peoples Choice,Nominated,1020
BAFTA,Academy Awards,Nominated,1697
Teen Choice Award,Academy Awards,Nominated,661
Critics Choice,BAFTA,Nominated,476
MTV Movie Award,Teen Choice,Nominated,1049
Oscar,Hollywood Foreign Press,Nominated,1995
BAFTA,BAFTA,Nominated,188
Directors Guild,BAFTA,Won,1830
Emmy,Critics Choice Association,Honorable Mention,352
Oscar,Teen Choice,Honorable Mention,1297
MTV Movie Award,Directors Guild of America,Honorable Mention,749
Directors Guild,Hollywood Foreign Press,Honorable Mention,119
Oscar,MTV,Won,147
Critics Choice,BAFTA,Won,881
Critics Choice,Critics Choice Association,Nominated,214
Oscar,MTV,Honorable Mention,201
Critics Choice,Television Academy,Honorable Mention,1969
Directors Guild,MTV,Won,1626
Golden Globe,Screen Actors Guild,Honorable Mention,1906
Directors Guild,Screen Actors Guild,Honorable Mention,507
Peoples Choice,Teen Choice,Nominated,224
Critics Choice,Directors Guild of America,Nominated,216
Golden Globe,Screen Actors Guild,Won,1512
SAG Award,Hollywood Foreign Press,Nominated,521
BAFTA,Teen Choice,Nominated,1815
BAFTA,Television Academy,Honorable Mention,507
Critics Choice,Television Academy,Honorable Mention,1055
Emmy,Academy Awards,Won,1123
Teen Choice Award,Teen Choice,Nominated,572
Teen Choice Award,Directors Guild of America,Honorable Mention,1064
SAG Award,Teen Choice,Honorable Mention,1942
Oscar,Hollywood Foreign Press,Nominated,1351
Peoples Choice,Directors Guild of America,Nominated,440
Oscar,BAFTA,Honorable Mention,1133
Oscar,Screen Actors Guild,Won,556
Emmy,Peoples Choice,Won,697
BAFTA,MTV,Honorable Mention,130
Golden Globe,Hollywood Foreign Press,Honorable Mention,1545
Peoples Choice,Teen Choice,Honorable Mention,763
SAG Award,Academy Awards,Honorable Mention,978
BAFTA,Television Academy,Honorable Mention,1557
BAFTA,Critics Choice Association,Won,703
SAG Award,Teen Choice,Nominated,1979
Teen Choice Award,Teen Choice,Won,101
Golden Globe,MTV,Won,1989
Directors Guild,Peoples Choice,Honorable Mention,72
SAG Award,MTV,Nominated,1583
Golden Globe,Television Academy,Won,1931
Oscar,Hollywood Foreign Press,Honorable Mention,1055
BAFTA,Hollywood Foreign Press,Won,523
Golden Globe,BAFTA,Won,1515
BAFTA,Hollywood Foreign Press,Honorable Mention,371
Golden Globe,Screen Actors Guild,Nominated,570
MTV Movie Award,Academy Awards,Nominated,6
Peoples Choice,BAFTA,Nominated,530
Golden Globe,Directors Guild of America,Honorable Mention,1826
Directors Guild,MTV,Honorable Mention,1407
Peoples Choice,BAFTA,Won,1130
Golden Globe,Academy Awards,Nominated,356
Critics Choice,Hollywood Foreign Press,Nominated,171
Peoples Choice,Peoples Choice,Won,472
Peoples Choice,BAFTA,Won,880
Emmy,Hollywood Foreign Press,Won,525
Directors Guild,BAFTA,Honorable Mention,1118
Oscar,BAFTA,Won,88
Oscar,Academy Awards,Nominated,1740
Critics Choice,Peoples Choice,Honorable Mention,457
Critics Choice,Hollywood Foreign Press,Won,1375
Directors Guild,Directors Guild of America,Won,1907
Oscar,Academy Awards,Honorable Mention,90
Peoples Choice,MTV,Won,1870
MTV Movie Award,Screen Actors Guild,Nominated,1830
Directors Guild,Hollywood Foreign Press,Won,1390
Critics Choice,Teen Choice,Won,784
Directors Guild,MTV,Nominated,540
Critics Choice,Teen Choice,Nominated,1130
SAG Award,Television Academy,Nominated,853
Teen Choice Award,BAFTA,Nominated,774
MTV Movie Award,Hollywood Foreign Press,Nominated,659
Golden Globe,Directors Guild of America,Won,1186
BAFTA,MTV,Won,935
Peoples Choice,Peoples Choice,Nominated,203
Oscar,Directors Guild of America,Honorable Mention,751
Oscar,Peoples Choice,Won,370
Directors Guild,Teen Choice,Honorable Mention,1369
Teen Choice Award,Screen Actors Guild,Won,671
Teen Choice Award,Peoples Choice,Honorable Mention,1551
Golden Globe,Hollywood Foreign Press,Nominated,70
BAFTA,Academy Awards,Honorable Mention,435
Teen Choice Award,Peoples Choice,Won,1941
MTV Movie Award,Teen Choice,Nominated,1342
BAFTA,Screen Actors Guild,Won,583
Teen Choice Award,BAFTA,Won,1056
Peoples Choice,Directors Guild of America,Honorable Mention,357
MTV Movie Award,Television Academy,Honorable Mention,965
SAG Award,Teen Choice,Honorable Mention,676
BAFTA,MTV,Honorable Mention,1454
Directors Guild,BAFTA,Honorable Mention,1379
BAFTA,Teen Choice,Won,557
Directors Guild,Directors Guild of America,Won,989
Oscar,Academy Awards,Honorable Mention,1866
Peoples Choice,Directors Guild of America,Nominated,1745
Teen Choice Award,Screen Actors Guild,Nominated,404
Oscar,MTV,Nominated,592
BAFTA,BAFTA,Nominated,1051
Emmy,BAFTA,Nominated,1677
Teen Choice Award,Directors Guild of America,Won,760
Golden Globe,Hollywood Foreign Press,Honorable Mention,138
BAFTA,Screen Actors Guild,Won,1759
Directors Guild,Screen Actors Guild,Won,1453
Peoples Choice,BAFTA,Honorable Mention,375
Emmy,BAFTA,Honorable Mention,171
Critics Choice,Peoples Choice,Honorable Mention,43
SAG Award,Directors Guild of America,Won,60
Teen Choice Award,Teen Choice,Honorable Mention,1032
Teen Choice Award,BAFTA,Honorable Mention,1661
Peoples Choice,Hollywood Foreign Press,Won,372
Peoples Choice,Teen Choice,Honorable Mention,452
Directors Guild,BAFTA,Nominated,1659
Teen Choice Award,Television Academy,Won,1377
BAFTA,BAFTA,Nominated,571
BAFTA,Teen Choice,Honorable Mention,1502
Golden Globe,Hollywood Foreign Press,Nominated,653
Teen Choice Award,Critics Choice Association,Nominated,104
Golden Globe,Hollywood Foreign Press,Nominated,1351
SAG Award,Screen Actors Guild,Won,979
Critics Choice,Screen Actors Guild,Nominated,1643
Peoples Choice,BAFTA,Won,1149
Golden Globe,Screen Actors Guild,Nominated,624
Oscar,Critics Choice Association,Honorable Mention,1775
Emmy,Teen Choice,Nominated,178
Peoples Choice,Peoples Choice,Won,854
Oscar,Hollywood Foreign Press,Nominated,891
Critics Choice,Television Academy,Honorable Mention,563
Golden Globe,Television Academy,Nominated,698
Peoples Choice,Academy Awards,Nominated,523
Directors Guild,Screen Actors Guild,Won,931
Directors Guild,Peoples Choice,Honorable Mention,1082
MTV Movie Award,Critics Choice Association,Honorable Mention,1488
MTV Movie Award,Directors Guild of America,Honorable Mention,666
Directors Guild,Screen Actors Guild,Honorable Mention,1390
BAFTA,Screen Actors Guild,Nominated,757
BAFTA,MTV,Won,423
Peoples Choice,Peoples Choice,Honorable Mention,1946
SAG Award,Screen Actors Guild,Won,1512
Emmy,BAFTA,Won,1555
BAFTA,BAFTA,Won,1073
MTV Movie Award,Peoples Choice,Nominated,1540
Teen Choice Award,Screen Actors Guild,Honorable Mention,42
Directors Guild,Screen Actors Guild,Won,1020
MTV Movie Award,Directors Guild of America,Won,1810
Peoples Choice,Television Academy,Won,1601
Teen Choice Award,Directors Guild of America,Won,71
Peoples Choice,Teen Choice,Won,1748
Critics Choice,Television Academy,Honorable Mention,44
Oscar,Television Academy,Honorable Mention,1308
BAFTA,Teen Choice,Honorable Mention,1468
Critics Choice,MTV,Won,636
Oscar,Hollywood Foreign Press,Honorable Mention,692
SAG Award,Directors Guild of America,Nominated,705
Critics Choice,Teen Choice,Won,1991
Emmy,Critics Choice Association,Nominated,576
Emmy,Television Academy,Honorable Mention,1150
MTV Movie Award,BAFTA,Honorable Mention,338
MTV Movie Award,Academy Awards,Won,1195
Peoples Choice,Critics Choice Association,Nominated,1574
Emmy,Hollywood Foreign Press,Honorable Mention,966
Peoples Choice,Directors Guild of America,Won,1133
Teen Choice Award,Academy Awards,Honorable Mention,150
Oscar,BAFTA,Won,312
Emmy,Peoples Choice,Won,195
Peoples Choice,Television Academy,Won,1826
BAFTA,Academy Awards,Won,651
Directors Guild,Hollywood Foreign Press,Nominated,460
Teen Choice Award,Hollywood Foreign Press,Honorable Mention,1620
Teen Choice Award,Hollywood Foreign Press,Nominated,1022
Peoples Choice,Screen Actors Guild,Nominated,351
Teen Choice Award,Critics Choice Association,Honorable Mention,1765
Golden Globe,Peoples Choice,Honorable Mention,106
Peoples Choice,Television Academy,Honorable Mention,513
MTV Movie Award,Television Academy,Won,411
Teen Choice Award,Academy Awards,Nominated,1014
BAFTA,Peoples Choice,Won,1620
MTV Movie Award,MTV,Nominated,912
Golden Globe,Teen Choice,Honorable Mention,1467
BAFTA,Directors Guild of America,Nominated,573
BAFTA,Peoples Choice,Won,65
SAG Award,Directors Guild of America,Won,926
BAFTA,BAFTA,Honorable Mention,1404
Critics Choice,MTV,Nominated,82
SAG Award,Academy Awards,Won,263
BAFTA,Directors Guild of America,Nominated,1189
Oscar,Television Academy,Honorable Mention,615
MTV Movie Award,Academy Awards,Honorable Mention,867
Emmy,Academy Awards,Won,1013
Peoples Choice,Directors Guild of America,Nominated,1940
Oscar,Teen Choice,Honorable Mention,1384
MTV Movie Award,BAFTA,Honorable Mention,1909
Oscar,Directors Guild of America,Nominated,395
BAFTA,Academy Awards,Nominated,393
Peoples Choice,Television Academy,Won,461
Oscar,Peoples Choice,Won,1707
Peoples Choice,Hollywood Foreign Press,Nominated,1004
Emmy,Critics Choice Association,Won,1492
Teen Choice Award,Peoples Choice,Won,335
Oscar,MTV,Nominated,1646
MTV Movie Award,Teen Choice,Nominated,1338
Teen Choice Award,Hollywood Foreign Press,Honorable Mention,1091
Peoples Choice,Academy Awards,Nominated,1981
Emmy,BAFTA,Honorable Mention,1455
Peoples Choice,Television Academy,Won,1507
Emmy,MTV,Honorable Mention,1225
BAFTA,Teen Choice,Won,1625
SAG Award,Television Academy,Won,1058
BAFTA,Screen Actors Guild,Nominated,123
Critics Choice,Directors Guild of America,Won,926
Teen Choice Award,MTV,Honorable Mention,1844
Critics Choice,MTV,Won,823
Golden Globe,Critics Choice Association,Won,767
Critics Choice,Teen Choice,Won,988
Oscar,Critics Choice Association,Honorable Mention,1047
Golden Globe,MTV,Honorable Mention,1201
Emmy,BAFTA,Nominated,502
BAFTA,Teen Choice,Won,970
Emmy,MTV,Honorable Mention,1057
SAG Award,Critics Choice Association,Honorable Mention,1912
Teen Choice Award,Teen Choice,Nominated,1221
SAG Award,Critics Choice Association,Honorable Mention,1325
SAG Award,MTV,Won,1646
Emmy,Academy Awards,Nominated,777
Emmy,Academy Awards,Won,304
Oscar,Directors Guild of America,Honorable Mention,1417
BAFTA,Screen Actors Guild,Honorable Mention,159
Golden Globe,BAFTA,Won,164
Oscar,Screen Actors Guild,Nominated,646
Critics Choice,MTV,Honorable Mention,1686
Golden Globe,MTV,Nominated,995
Emmy,Academy Awards,Nominated,499
BAFTA,Directors Guild of America,Won,359
Oscar,Teen Choice,Nominated,451
MTV Movie Award,Directors Guild of America,Nominated,372
Emmy,Directors Guild of America,Won,1535
MTV Movie Award,Teen Choice,Honorable Mention,1784
Peoples Choice,MTV,Honorable Mention,1493
Critics Choice,Peoples Choice,Honorable Mention,465
MTV Movie Award,Academy Awards,Won,526
Teen Choice Award,Hollywood Foreign Press,Won,518
Peoples Choice,Directors Guild of America,Won,681
Oscar,Teen Choice,Won,751
Critics Choice,Academy Awards,Honorable Mention,1678
MTV Movie Award,Screen Actors Guild,Nominated,1319
Peoples Choice,Peoples Choice,Won,136
Directors Guild,Critics Choice Association,Honorable Mention,730
Peoples Choice,Television Academy,Won,690
Directors Guild,Directors Guild of America,Won,1085
Directors Guild,Directors Guild of America,Honorable Mention,973
SAG Award,Directors Guild of America,Nominated,1553
Peoples Choice,BAFTA,Honorable Mention,932
Critics Choice,Critics Choice Association,Nominated,854
Teen Choice Award,Screen Actors Guild,Honorable Mention,190
Teen Choice Award,Hollywood Foreign Press,Nominated,1582
BAFTA,Teen Choice,Won,886
BAFTA,MTV,Honorable Mention,563
Directors Guild,Screen Actors Guild,Nominated,650
Directors Guild,Screen Actors Guild,Nominated,791
Directors Guild,BAFTA,Nominated,1375
Critics Choice,Academy Awards,Won,982
Golden Globe,Television Academy,Honorable Mention,564
Teen Choice Award,MTV,Won,946
Peoples Choice,Screen Actors Guild,Won,335
Peoples Choice,Teen Choice,Won,752
SAG Award,BAFTA,Nominated,661
Golden Globe,Teen Choice,Won,483
MTV Movie Award,Screen Actors Guild,Won,1453
Peoples Choice,Peoples Choice,Honorable Mention,1069
Directors Guild,Television Academy,Honorable Mention,725
MTV Movie Award,MTV,Nominated,442
Critics Choice,BAFTA,Nominated,30
Golden Globe,Teen Choice,Nominated,1870
BAFTA,Critics Choice Association,Nominated,1342
BAFTA,Hollywood Foreign Press,Nominated,1516
SAG Award,Directors Guild of America,Nominated,1151
Emmy,Directors Guild of America,Honorable Mention,1679
MTV Movie Award,Television Academy,Won,615
Oscar,Academy Awards,Won,363
Critics Choice,Peoples Choice,Honorable Mention,121
MTV Movie Award,Directors Guild of America,Won,1823
Teen Choice Award,Teen Choice,Won,1061
Emmy,Television Academy,Won,607
Oscar,Teen Choice,Nominated,1314
MTV Movie Award,Critics Choice Association,Nominated,268
SAG Award,Screen Actors Guild,Honorable Mention,689
MTV Movie Award,Peoples Choice,Honorable Mention,688
Peoples Choice,Critics Choice Association,Nominated,705
Teen Choice Award,BAFTA,Honorable Mention,1675
Peoples Choice,Peoples Choice,Nominated,1166
Emmy,Teen Choice,Won,1530
Directors Guild,Hollywood Foreign Press,Won,1276
Peoples Choice,MTV,Nominated,1377
Oscar,Teen Choice,Honorable Mention,1891
Directors Guild,Peoples Choice,Honorable Mention,1120
Emmy,Television Academy,Nominated,595
Oscar,Academy Awards,Honorable Mention,647
MTV Movie Award,Teen Choice,Won,1378
Directors Guild,Academy Awards,Nominated,1665
BAFTA,Directors Guild of America,Honorable Mention,754
Critics Choice,BAFTA,Won,195
BAFTA,BAFTA,Won,1993
Emmy,BAFTA,Nominated,296
Golden Globe,Television Academy,Won,1902
Emmy,Hollywood Foreign Press,Nominated,1827
SAG Award,Teen Choice,Won,163
BAFTA,Directors Guild of America,Won,651
Directors Guild,Peoples Choice,Nominated,1509
Emmy,MTV,Nominated,1421
Peoples Choice,MTV,Honorable Mention,1436
MTV Movie Award,Hollywood Foreign Press,Won,1256
Critics Choice,Critics Choice Association,Won,332
Golden Globe,Teen Choice,Nominated,718
Teen Choice Award,Peoples Choice,Won,712
MTV Movie Award,Academy Awards,Nominated,1020
Directors Guild,Hollywood Foreign Press,Nominated,161
Directors Guild,Teen Choice,Honorable Mention,365
Directors Guild,BAFTA,Won,279
Peoples Choice,Teen Choice,Nominated,1057
BAFTA,MTV,Honorable Mention,694
Peoples Choice,BAFTA,Honorable Mention,1582
MTV Movie Award,Peoples Choice,Nominated,1017
Directors Guild,Hollywood Foreign Press,Honorable Mention,1872
Golden Globe,Academy Awards,Honorable Mention,1563
Peoples Choice,Academy Awards,Nominated,881
Emmy,Hollywood Foreign Press,Honorable Mention,1772
Critics Choice,BAFTA,Honorable Mention,1806
BAFTA,BAFTA,Won,854
